{
    "1": {
        "MSE": 0.009614400565624237
    },
    "2": {
        "MSE": 0.009363200515508652
    },
    "3": {
        "MSE": 0.009913599118590355
    },
    "42": {
        "MSE": 0.011652800254523754
    }
}