{
    "1": {
        "KL divergence": 0.03432199135011608,
        "Perplexity": 0.4095384180545807
    },
    "2": {
        "KL divergence": 0.024807154203840977,
        "Perplexity": 0.40591204166412354
    },
    "3": {
        "KL divergence": 0.035616018716181266,
        "Perplexity": 0.4180522561073303
    },
    "42": {
        "KL divergence": 0.034768332143715684,
        "Perplexity": 0.4495370388031006
    }
}