{
    "1": {
        "KL divergence": 0.1644393765074276,
        "MSE": 0.2672416000000001,
        "MSE_argmax": 0.4986832
    },
    "3": {
        "KL divergence": 0.18724156170356857,
        "MSE": 0.2748432,
        "MSE_argmax": 0.5578240000000001
    },
    "2": {
        "KL divergence": 0.147746841212505,
        "MSE": 0.2714592,
        "MSE_argmax": 0.5596911999999999
    },
    "42": {
        "KL divergence": 0.17810005257848013,
        "MSE": 0.284384,
        "MSE_argmax": 0.552944
    }
}