{
    "L2": {
        "mean": 0.09095950705239983,
        "std": 0.02823481903253645
    },
    "num_multinomials": 4000.0
}