{
    "1": {
        "KL divergence": 0.22067309312628003,
        "MSE": 0.27134400000000003,
        "MSE_argmax": 0.5352319999999999
    },
    "2": {
        "KL divergence": 0.22123153713448104,
        "MSE": 0.27266880000000004,
        "MSE_argmax": 0.5356559999999999
    },
    "3": {
        "KL divergence": 0.24296345016744994,
        "MSE": 0.2752368,
        "MSE_argmax": 0.5474176
    },
    "42": {
        "KL divergence": 0.23274027496854116,
        "MSE": 0.28718720000000003,
        "MSE_argmax": 0.5161552
    }
}