{
    "L2": {
        "mean": 0.06591970066529323,
        "std": 0.017891259491491195
    },
    "num_multinomials": 4000.0
}