{
    "1": {
        "KL divergence": 0.2856678158311562,
        "MSE": 0.2667568,
        "MSE_argmax": 0.5235552
    },
    "2": {
        "KL divergence": 0.2775602870948984,
        "MSE": 0.27139840000000004,
        "MSE_argmax": 0.5273568000000001
    },
    "3": {
        "KL divergence": 0.27526445831771323,
        "MSE": 0.27584800000000004,
        "MSE_argmax": 0.559416
    },
    "42": {
        "KL divergence": 0.2904813311017375,
        "MSE": 0.2872768,
        "MSE_argmax": 0.5340688
    }
}