{
    "L2": {
        "mean": 0.055139100968147614,
        "std": 0.013533488626849865
    },
    "num_multinomials": 4000.0
}