{
    "1": {
        "KL divergence": 0.1041399396695842,
        "Perplexity": 0.5135031342506409
    },
    "2": {
        "KL divergence": 0.11728542665672159,
        "Perplexity": 0.5529971122741699
    },
    "3": {
        "KL divergence": 0.11371315021774514,
        "Perplexity": 0.550049901008606
    },
    "42": {
        "KL divergence": 0.12147089939602727,
        "Perplexity": 0.5332349538803101
    }
}