{
    "1": {
        "KL divergence": 0.8506014634335709,
        "MSE": 0.2657968,
        "MSE_argmax": 0.5569488
    },
    "2": {
        "KL divergence": 0.8510235876155625,
        "MSE": 0.2711392,
        "MSE_argmax": 0.5328144
    },
    "3": {
        "KL divergence": 0.8849373669514217,
        "MSE": 0.2737536,
        "MSE_argmax": 0.5493503999999999
    },
    "42": {
        "KL divergence": 0.8260242179821399,
        "MSE": 0.28436160000000005,
        "MSE_argmax": 0.5257088
    }
}