{
    "1": {
        "KL divergence": 0.8570324605185262,
        "MSE": 0.2676592,
        "MSE_argmax": 0.5445647999999998
    },
    "2": {
        "KL divergence": 0.8314165033258268,
        "MSE": 0.2719008,
        "MSE_argmax": 0.5374816000000001
    },
    "3": {
        "KL divergence": 0.8302974989057563,
        "MSE": 0.2755824,
        "MSE_argmax": 0.5665456
    },
    "42": {
        "KL divergence": 0.8347562344554621,
        "MSE": 0.2832912,
        "MSE_argmax": 0.5326848
    }
}