{
    "L2": {
        "mean": 0.016283374644325884,
        "std": 0.002934854005744535
    },
    "num_multinomials": 4000.0
}