{
    "L2": {
        "mean": 0.016424326256874972,
        "std": 0.002674824791881971
    },
    "num_multinomials": 4000.0
}