{
    "1": {
        "KL divergence": 0.1373077575835067,
        "MSE": 0.12360800000000001,
        "MSE_argmax": 0.2135776
    },
    "2": {
        "KL divergence": 0.11704546637943232,
        "MSE": 0.11656640000000001,
        "MSE_argmax": 0.21096480000000004
    },
    "3": {
        "KL divergence": 0.21484485929023373,
        "MSE": 0.127688,
        "MSE_argmax": 0.21986080000000002
    },
    "42": {
        "KL divergence": 0.21837138256864358,
        "MSE": 0.1233648,
        "MSE_argmax": 0.2208976
    }
}