{
    "L2": {
        "mean": 0.03618643118502977,
        "std": 0.00794512042493237
    },
    "num_multinomials": 4000.0
}