{
    "1": {
        "KL divergence": 0.207051228740423,
        "MSE": 0.009684799999999999,
        "MSE_argmax": 0.0117728
    },
    "2": {
        "KL divergence": 0.1545583998781233,
        "MSE": 0.01,
        "MSE_argmax": 0.0117536
    },
    "3": {
        "KL divergence": 0.2143968389874641,
        "MSE": 0.0116,
        "MSE_argmax": 0.014080000000000002
    },
    "42": {
        "KL divergence": 0.102003598094003,
        "MSE": 0.011239999999999998,
        "MSE_argmax": 0.012987199999999999
    }
}