{
    "L2": {
        "mean": 0.11619142551480581,
        "std": 0.04966138005985522
    },
    "num_multinomials": 4000.0
}