{
    "1": {
        "KL divergence": 0.3759693558056989,
        "MSE": 0.26722880000000004,
        "MSE_argmax": 0.5181120000000001
    },
    "2": {
        "KL divergence": 0.36889318502664425,
        "MSE": 0.2732816,
        "MSE_argmax": 0.5391151999999999
    },
    "3": {
        "KL divergence": 0.40183761766377735,
        "MSE": 0.27780640000000006,
        "MSE_argmax": 0.5655168000000002
    },
    "42": {
        "KL divergence": 0.3857580984602542,
        "MSE": 0.2856896,
        "MSE_argmax": 0.5264144
    }
}