{
    "L2": {
        "mean": 0.042114815011994794,
        "std": 0.009585391417840905
    },
    "num_multinomials": 4000.0
}