{
    "1": {
        "KL divergence": 0.5347969138606086,
        "MSE": 0.26687360000000004,
        "MSE_argmax": 0.5338512
    },
    "2": {
        "KL divergence": 0.5460016025592943,
        "MSE": 0.2735504,
        "MSE_argmax": 0.5272656
    },
    "3": {
        "KL divergence": 0.5502463357764088,
        "MSE": 0.27577760000000007,
        "MSE_argmax": 0.5792192
    },
    "42": {
        "KL divergence": 0.5610244363153475,
        "MSE": 0.28711200000000003,
        "MSE_argmax": 0.5539312
    }
}