{
    "L2": {
        "mean": 0.028957615312800427,
        "std": 0.0061973362817141515
    },
    "num_multinomials": 4000.0
}