{
    "1": {
        "KL divergence": 0.15204794346202632,
        "MSE": 0.2663264,
        "MSE_argmax": 0.5035488
    },
    "3": {
        "KL divergence": 0.20282617694604527,
        "MSE": 0.2763184000000001,
        "MSE_argmax": 0.5252416000000001
    },
    "42": {
        "KL divergence": 0.1729004644866183,
        "MSE": 0.2856752000000001,
        "MSE_argmax": 0.5576112000000001
    },
    "2": {
        "KL divergence": 0.1497732725795193,
        "MSE": 0.27207040000000005,
        "MSE_argmax": 0.5582064
    }
}