{
    "L2": {
        "mean": 0.098234635558948,
        "std": 0.030713310784337547
    },
    "num_multinomials": 4000.0
}