{
    "1": {
        "KL divergence": 0.0901687875095348,
        "MSE": 0.011502400000000001,
        "MSE_argmax": 0.010862400000000001
    },
    "2": {
        "KL divergence": 0.1809303036585122,
        "MSE": 0.013552000000000002,
        "MSE_argmax": 0.013595200000000002
    },
    "3": {
        "KL divergence": 0.0941863148287562,
        "MSE": 0.0120448,
        "MSE_argmax": 0.011935999999999999
    },
    "42": {
        "KL divergence": 0.0998166195437942,
        "MSE": 0.0126432,
        "MSE_argmax": 0.0133952
    }
}