{
    "1": {
        "KL divergence": 0.0901687875095348,
        "MSE": 0.0108624
    },
    "2": {
        "KL divergence": 0.1809303036585122,
        "MSE": 0.0135952
    },
    "3": {
        "KL divergence": 0.0941863148287562,
        "MSE": 0.011936
    },
    "42": {
        "KL divergence": 0.0998166195437942,
        "MSE": 0.0133952
    }
}