{
    "L2": {
        "mean": 0.05685073631890551,
        "std": 0.011316120351259467
    },
    "num_multinomials": 4000.0
}