{
    "1": {
        "KL divergence": 0.09022529345797801,
        "MSE": 0.011625600000000002,
        "MSE_argmax": 0.0120928
    },
    "2": {
        "KL divergence": 0.11125260250768272,
        "MSE": 0.0116672,
        "MSE_argmax": 0.011916800000000002
    },
    "3": {
        "KL divergence": 0.08531065521094397,
        "MSE": 0.0111328,
        "MSE_argmax": 0.011841599999999999
    },
    "42": {
        "KL divergence": 0.09387115724373142,
        "MSE": 0.0121248,
        "MSE_argmax": 0.012865600000000003
    }
}