{
    "L2": {
        "mean": 0.05983694000224557,
        "std": 0.014189159904165494
    },
    "num_multinomials": 4000.0
}