{
    "1": {
        "KL divergence": 0.03238768533788235,
        "Perplexity": 0.4062672257423401
    },
    "2": {
        "KL divergence": 0.026394348767942808,
        "Perplexity": 0.40568843483924866
    },
    "3": {
        "KL divergence": 0.03411172496436637,
        "Perplexity": 0.4183269739151001
    },
    "42": {
        "KL divergence": 0.03152941566916283,
        "Perplexity": 0.4444672167301178
    }
}