{
    "1": {
        "KL divergence": 0.1195086613863794,
        "MSE": 0.12306720000000002,
        "MSE_argmax": 0.2113184
    },
    "2": {
        "KL divergence": 0.12578205689192756,
        "MSE": 0.11726560000000001,
        "MSE_argmax": 0.2044176
    },
    "3": {
        "KL divergence": 0.1409272537337833,
        "MSE": 0.1267328,
        "MSE_argmax": 0.23012480000000002
    },
    "42": {
        "KL divergence": 0.1560400109867855,
        "MSE": 0.12104800000000002,
        "MSE_argmax": 0.20200639999999997
    }
}