{
    "L2": {
        "mean": 0.03347539699645466,
        "std": 0.006398114231230805
    },
    "num_multinomials": 4000.0
}