{
    "1": {
        "KL divergence": 0.5643771524129991,
        "MSE": 0.0474096,
        "MSE_argmax": 0.009712
    },
    "2": {
        "KL divergence": 0.5596471759088768,
        "MSE": 0.03806880000000001,
        "MSE_argmax": 0.009718399999999999
    },
    "3": {
        "KL divergence": 0.5628103495001213,
        "MSE": 0.0455392,
        "MSE_argmax": 0.0106464
    },
    "42": {
        "KL divergence": 0.5641282369796539,
        "MSE": 0.04343520000000001,
        "MSE_argmax": 0.012064
    }
}