{
    "1": {
        "KL divergence": 0.5643771524129991,
        "MSE": 0.009712
    },
    "2": {
        "KL divergence": 0.5596471759088768,
        "MSE": 0.0097184
    },
    "3": {
        "KL divergence": 0.5628103495001213,
        "MSE": 0.0106464
    },
    "42": {
        "KL divergence": 0.5641282369796539,
        "MSE": 0.012064
    }
}