{
    "L2": {
        "mean": 0.016950516870826958,
        "std": 0.00017474751885133123
    },
    "num_multinomials": 4000.0
}