{
    "1": {
        "KL divergence": 0.0949212836201465,
        "MSE": 0.0369952
    },
    "2": {
        "KL divergence": 0.1164447967673247,
        "MSE": 0.0338992
    },
    "3": {
        "KL divergence": 0.1051295516797265,
        "MSE": 0.0342399999999999
    },
    "42": {
        "KL divergence": 0.1050992142827722,
        "MSE": 0.0378944
    }
}