{
    "L2": {
        "mean": 0.03859420798889346,
        "std": 0.013212566969678045
    },
    "num_multinomials": 4000.0
}