{
    "1": {
        "KL divergence": 0.1495472952199801,
        "MSE": 0.013823999999999998,
        "MSE_argmax": 0.01392
    },
    "2": {
        "KL divergence": 0.1281872245997924,
        "MSE": 0.0120336,
        "MSE_argmax": 0.012448
    },
    "3": {
        "KL divergence": 0.0783310908955908,
        "MSE": 0.011464,
        "MSE_argmax": 0.012241599999999998
    },
    "42": {
        "KL divergence": 0.0975397248253764,
        "MSE": 0.012936,
        "MSE_argmax": 0.0133904
    }
}