{
    "L2": {
        "mean": 0.05924716601052211,
        "std": 0.0145193334745741
    },
    "num_multinomials": 4000.0
}