{
    "1": {
        "KL divergence": 0.2785422797854581,
        "MSE": 0.26693760000000005,
        "MSE_argmax": 0.5077152
    },
    "2": {
        "KL divergence": 0.2842305597965294,
        "MSE": 0.271904,
        "MSE_argmax": 0.51904
    },
    "3": {
        "KL divergence": 0.26517718905746,
        "MSE": 0.2744768,
        "MSE_argmax": 0.5581071999999999
    },
    "42": {
        "KL divergence": 0.29029419603338835,
        "MSE": 0.28718560000000004,
        "MSE_argmax": 0.5356464000000001
    }
}