{
    "L2": {
        "mean": 0.05473227556569925,
        "std": 0.013728818501382693
    },
    "num_multinomials": 4000.0
}