{
    "1": {
        "KL divergence": 0.09079959606336953,
        "MSE": 0.0117696,
        "MSE_argmax": 0.011030400000000001
    },
    "2": {
        "KL divergence": 0.07817044919724384,
        "MSE": 0.010780800000000002,
        "MSE_argmax": 0.010623999999999998
    },
    "3": {
        "KL divergence": 0.14633625734339217,
        "MSE": 0.0122512,
        "MSE_argmax": 0.0124192
    },
    "42": {
        "KL divergence": 0.08528084734995858,
        "MSE": 0.0124272,
        "MSE_argmax": 0.0131584
    }
}