{
    "L2": {
        "mean": 0.05772010458061622,
        "std": 0.011907055036495043
    },
    "num_multinomials": 4000.0
}