{
    "1": {
        "KL divergence": 0.05358853966862151,
        "MSE": 0.0106432,
        "MSE_argmax": 0.01084
    },
    "2": {
        "KL divergence": 0.038373148237805424,
        "MSE": 0.010302399999999998,
        "MSE_argmax": 0.010286400000000001
    },
    "3": {
        "KL divergence": 0.019096458283886102,
        "MSE": 0.010150399999999999,
        "MSE_argmax": 0.0101488
    }
}