{
    "L2": {
        "mean": 0.06750841198947227,
        "std": 0.012122487730115965
    },
    "num_multinomials": 3000.0
}