{
    "1": {
        "KL divergence": 0.5123968371933969,
        "Perplexity": 0.7818845510482788
    },
    "2": {
        "KL divergence": 0.5101268056350364,
        "Perplexity": 0.8072240948677063
    },
    "3": {
        "KL divergence": 0.5044680190734252,
        "Perplexity": 0.8049947023391724
    },
    "42": {
        "KL divergence": 0.49942340650692907,
        "Perplexity": 0.7873416543006897
    }
}