{
    "1": {
        "KL divergence": 0.03429409987584961,
        "Perplexity": 0.40659889578819275
    },
    "2": {
        "KL divergence": 0.024802222703353187,
        "Perplexity": 0.40613675117492676
    },
    "3": {
        "KL divergence": 0.03516055515085897,
        "Perplexity": 0.4202769994735718
    },
    "42": {
        "KL divergence": 0.02790914402539293,
        "Perplexity": 0.44570738077163696
    }
}