{
    "1": {
        "KL divergence": 0.1733452147753124,
        "MSE": 0.26680000000000004,
        "MSE_argmax": 0.5203008
    },
    "2": {
        "KL divergence": 0.1810669882528753,
        "MSE": 0.27366240000000003,
        "MSE_argmax": 0.530776
    },
    "3": {
        "KL divergence": 0.18853511063906314,
        "MSE": 0.2738464,
        "MSE_argmax": 0.5346256
    },
    "42": {
        "KL divergence": 0.1798488128412634,
        "MSE": 0.28568000000000005,
        "MSE_argmax": 0.5364432
    }
}