{
    "L2": {
        "mean": 0.08881712186900712,
        "std": 0.02757897698496837
    },
    "num_multinomials": 4000.0
}