{
    "42": {
        "KL divergence": 0.5334883347976271,
        "MSE": 0.138472,
        "MSE (argmax)": 0.23866719999999997
    },
    "1": {
        "KL divergence": 0.3499298855053444,
        "MSE": 0.1233056,
        "MSE (argmax)": 0.19633119999999998
    }
}