{
    "1": {
        "KL divergence": 0.09697501883352946,
        "MSE": 0.011942400000000002,
        "MSE_argmax": 0.011417600000000002
    },
    "2": {
        "KL divergence": 0.0878237263940984,
        "MSE": 0.0113168,
        "MSE_argmax": 0.0105136
    },
    "3": {
        "KL divergence": 0.05990625089034262,
        "MSE": 0.0113552,
        "MSE_argmax": 0.0109632
    },
    "42": {
        "KL divergence": 0.09639311278577962,
        "MSE": 0.0134832,
        "MSE_argmax": 0.0128352
    }
}