{
    "L2": {
        "mean": 0.05701035949107073,
        "std": 0.010960672238699344
    },
    "num_multinomials": 4000.0
}