{
    "1": {
        "KL divergence": 0.37099356392198896,
        "MSE": 0.2658032,
        "MSE_argmax": 0.5209792
    },
    "2": {
        "KL divergence": 0.384465943873346,
        "MSE": 0.2715136,
        "MSE_argmax": 0.5576432
    },
    "3": {
        "KL divergence": 0.3901857106292999,
        "MSE": 0.2759168000000001,
        "MSE_argmax": 0.5536688000000001
    },
    "42": {
        "KL divergence": 0.3878331993374849,
        "MSE": 0.28694240000000004,
        "MSE_argmax": 0.5359248
    }
}