{
    "1": {
        "KL divergence": 0.36484244121338966,
        "MSE": 0.2672256,
        "MSE_argmax": 0.5264880000000001
    },
    "2": {
        "KL divergence": 0.363267496607868,
        "MSE": 0.27371520000000005,
        "MSE_argmax": 0.6015856
    },
    "3": {
        "KL divergence": 0.40745778688362466,
        "MSE": 0.2728144,
        "MSE_argmax": 0.5432112
    },
    "42": {
        "KL divergence": 0.3550709900537298,
        "MSE": 0.2852688,
        "MSE_argmax": 0.5456096
    }
}