{
    "L2": {
        "mean": 0.04209529832579402,
        "std": 0.00964610838709737
    },
    "num_multinomials": 4000.0
}