{
    "L2": {
        "mean": 0.04260625089896869,
        "std": 0.009870947804863745
    },
    "num_multinomials": 4000.0
}