{
    "1": {
        "KL divergence": 0.571295261433362,
        "MSE": 0.26821120000000004,
        "MSE_argmax": 0.5295488
    },
    "2": {
        "KL divergence": 0.5622411765802503,
        "MSE": 0.2733488,
        "MSE_argmax": 0.5669087999999999
    },
    "3": {
        "KL divergence": 0.5435991788435454,
        "MSE": 0.27941600000000005,
        "MSE_argmax": 0.5681616
    },
    "42": {
        "KL divergence": 0.5785818821445347,
        "MSE": 0.28682240000000003,
        "MSE_argmax": 0.5300224000000001
    }
}