{
    "L2": {
        "mean": 0.028515892731153167,
        "std": 0.0061795555922063445
    },
    "num_multinomials": 4000.0
}