{
    "1": {
        "KL divergence": 0.0913787323015315,
        "MSE": 0.0307871999999999
    },
    "2": {
        "KL divergence": 0.1071099644667188,
        "MSE": 0.0307728
    },
    "3": {
        "KL divergence": 0.1186984378148565,
        "MSE": 0.0330272
    },
    "42": {
        "KL divergence": 0.1210660514593122,
        "MSE": 0.033304
    }
}