{
    "1": {
        "KL divergence": 0.0913787323015315,
        "MSE": 0.0337168,
        "MSE_argmax": 0.030787199999999997
    },
    "2": {
        "KL divergence": 0.1071099644667188,
        "MSE": 0.0336592,
        "MSE_argmax": 0.0307728
    },
    "3": {
        "KL divergence": 0.1186984378148565,
        "MSE": 0.0359392,
        "MSE_argmax": 0.0330272
    },
    "42": {
        "KL divergence": 0.1210660514593122,
        "MSE": 0.0369792,
        "MSE_argmax": 0.033304
    }
}