{
    "L2": {
        "mean": 0.027592230708551137,
        "std": 0.003125581522426645
    },
    "num_multinomials": 4000.0
}