{
    "1": {
        "KL divergence": 0.05543608647719954,
        "Perplexity": 0.42054447531700134
    },
    "2": {
        "KL divergence": 0.05147038147270978,
        "Perplexity": 0.41826578974723816
    },
    "3": {
        "KL divergence": 0.05494685038884132,
        "Perplexity": 0.42651212215423584
    },
    "42": {
        "KL divergence": 0.05014606000569826,
        "Perplexity": 0.44670602679252625
    }
}