{
    "1": {
        "KL divergence": 0.1114056706278068,
        "MSE": 0.2063456
    },
    "2": {
        "KL divergence": 0.1273364147294141,
        "MSE": 0.2002864
    },
    "3": {
        "KL divergence": 0.1496636910459497,
        "MSE": 0.2286768
    },
    "42": {
        "KL divergence": 0.1272874027022711,
        "MSE": 0.217024
    }
}