{
    "1": {
        "KL divergence": 0.1114056706278068,
        "MSE": 0.1214736,
        "MSE_argmax": 0.20634560000000002
    },
    "2": {
        "KL divergence": 0.1273364147294141,
        "MSE": 0.11619840000000001,
        "MSE_argmax": 0.2002864
    },
    "3": {
        "KL divergence": 0.1496636910459497,
        "MSE": 0.1273456,
        "MSE_argmax": 0.2286768
    },
    "42": {
        "KL divergence": 0.1272874027022711,
        "MSE": 0.122808,
        "MSE_argmax": 0.21702400000000002
    }
}