{
    "L2": {
        "mean": 0.0343686356551627,
        "std": 0.006075416041619824
    },
    "num_multinomials": 4000.0
}