{
    "1": {
        "KL divergence": 0.10884947657824563,
        "Perplexity": 0.7506087422370911
    },
    "2": {
        "KL divergence": 0.09015081136542355,
        "Perplexity": 0.7669984102249146
    },
    "3": {
        "KL divergence": 0.09783935042625609,
        "Perplexity": 0.7225881218910217
    },
    "42": {
        "KL divergence": 0.11043742668169518,
        "Perplexity": 0.7657971382141113
    }
}