{
    "1": {
        "KL divergence": 0.099932099331616,
        "MSE": 0.011886400000000002,
        "MSE_argmax": 0.0112992
    },
    "2": {
        "KL divergence": 0.0690436687252461,
        "MSE": 0.010860799999999997,
        "MSE_argmax": 0.010876799999999999
    },
    "3": {
        "KL divergence": 0.0812488089298047,
        "MSE": 0.011107200000000001,
        "MSE_argmax": 0.01132
    },
    "42": {
        "KL divergence": 0.0990031656724159,
        "MSE": 0.0127712,
        "MSE_argmax": 0.0124848
    }
}