{
    "L2": {
        "mean": 0.0583303108866073,
        "std": 0.011684603010867803
    },
    "num_multinomials": 4000.0
}