{
    "1": {
        "KL divergence": 0.045206936384663034,
        "Perplexity": 0.4141775965690613
    },
    "2": {
        "KL divergence": 0.03503689751658091,
        "Perplexity": 0.4079521596431732
    },
    "3": {
        "KL divergence": 0.05218485963287845,
        "Perplexity": 0.4248642921447754
    },
    "42": {
        "KL divergence": 0.04216793964724333,
        "Perplexity": 0.44557732343673706
    }
}