{
    "1": {
        "KL divergence": 0.18830315929437383,
        "Perplexity": 0.48501965403556824
    },
    "2": {
        "KL divergence": 0.18354088461276735,
        "Perplexity": 0.4840998947620392
    },
    "3": {
        "KL divergence": 0.18577955426861836,
        "Perplexity": 0.49029842019081116
    },
    "42": {
        "KL divergence": 0.18367455259111712,
        "Perplexity": 0.49853479862213135
    }
}