{
    "1": {
        "KL divergence": 0.1555282248034786,
        "MSE": 0.12300160000000003,
        "MSE_argmax": 0.2146352
    },
    "2": {
        "KL divergence": 0.1538079254027664,
        "MSE": 0.11546560000000002,
        "MSE_argmax": 0.19784000000000002
    },
    "3": {
        "KL divergence": 0.2493452763366863,
        "MSE": 0.1270144,
        "MSE_argmax": 0.19414560000000003
    },
    "42": {
        "KL divergence": 0.2832510635556052,
        "MSE": 0.12360160000000002,
        "MSE_argmax": 0.19443200000000002
    }
}