{
    "1": {
        "KL divergence": 0.1555282248034786,
        "MSE": 0.2146352
    },
    "2": {
        "KL divergence": 0.1538079254027664,
        "MSE": 0.19784
    },
    "3": {
        "KL divergence": 0.2493452763366863,
        "MSE": 0.1941456
    },
    "42": {
        "KL divergence": 0.2832510635556052,
        "MSE": 0.194432
    }
}