{
    "L2": {
        "mean": 0.03509912338396531,
        "std": 0.007661226632405882
    },
    "num_multinomials": 4000.0
}