{
    "1": {
        "KL divergence": 0.06943601984387922,
        "Perplexity": 0.7292377948760986
    },
    "2": {
        "KL divergence": 0.0711262379452406,
        "Perplexity": 0.7517408132553101
    },
    "3": {
        "KL divergence": 0.07846787886393247,
        "Perplexity": 0.7261032462120056
    },
    "42": {
        "KL divergence": 0.06732130842113787,
        "Perplexity": 0.7519930005073547
    }
}