{
    "1": {
        "KL divergence": 0.10544802104159148,
        "Perplexity": 0.5087851285934448
    },
    "2": {
        "KL divergence": 0.10395719786092539,
        "Perplexity": 0.5319783687591553
    },
    "3": {
        "KL divergence": 0.11283971679071794,
        "Perplexity": 0.5474956035614014
    },
    "42": {
        "KL divergence": 0.12574429194440823,
        "Perplexity": 0.5334721803665161
    }
}