{
    "1": {
        "KL divergence": 0.1589807354965593,
        "MSE": 0.2665376,
        "MSE_argmax": 0.5096912
    },
    "2": {
        "KL divergence": 0.15894827313696738,
        "MSE": 0.2721584,
        "MSE_argmax": 0.5611632000000001
    },
    "3": {
        "KL divergence": 0.20250141191921972,
        "MSE": 0.27424480000000007,
        "MSE_argmax": 0.5362
    },
    "42": {
        "KL divergence": 0.2096398986833057,
        "MSE": 0.28728960000000003,
        "MSE_argmax": 0.5189231999999999
    }
}