{
    "1": {
        "KL divergence": 0.1954226357848064,
        "MSE": 0.26671360000000005,
        "MSE_argmax": 0.5143344
    },
    "2": {
        "KL divergence": 0.16819715764812737,
        "MSE": 0.272056,
        "MSE_argmax": 0.5440799999999999
    },
    "42": {
        "KL divergence": 0.19788851511834207,
        "MSE": 0.2871648,
        "MSE_argmax": 0.519416
    },
    "3": {
        "KL divergence": 0.18337752390874845,
        "MSE": 0.277216,
        "MSE_argmax": 0.5634975999999999
    }
}