{
    "L2": {
        "mean": 0.07741397223214863,
        "std": 0.021180748527793027
    },
    "num_multinomials": 4000.0
}