{
    "L2": {
        "mean": 0.07578843252190508,
        "std": 0.021372335244145176
    },
    "num_multinomials": 4000.0
}