{
    "1": {
        "KL divergence": 0.05989060130227196,
        "Perplexity": 0.7204713821411133
    },
    "2": {
        "KL divergence": 0.0567910150468382,
        "Perplexity": 0.7431732416152954
    },
    "3": {
        "KL divergence": 0.06524557539049246,
        "Perplexity": 0.726859986782074
    },
    "42": {
        "KL divergence": 0.053117035563717246,
        "Perplexity": 0.7428527474403381
    }
}