{
    "1": {
        "KL divergence": 0.03843184303023665,
        "Perplexity": 0.41210854053497314
    },
    "2": {
        "KL divergence": 0.03068232283117551,
        "Perplexity": 0.4044063985347748
    },
    "3": {
        "KL divergence": 0.05185227694075323,
        "Perplexity": 0.427277147769928
    },
    "42": {
        "KL divergence": 0.04159900785526406,
        "Perplexity": 0.4467220604419708
    }
}