{
    "1": {
        "KL divergence": 0.1384843441755571,
        "MSE": 0.220376
    },
    "2": {
        "KL divergence": 0.1675373253849011,
        "MSE": 0.2137872
    },
    "3": {
        "KL divergence": 0.1703023536325683,
        "MSE": 0.2094096
    },
    "42": {
        "KL divergence": 0.132201629752082,
        "MSE": 0.220696
    }
}