{
    "1": {
        "KL divergence": 0.1384843441755571,
        "MSE": 0.1218,
        "MSE_argmax": 0.22037600000000002
    },
    "2": {
        "KL divergence": 0.1675373253849011,
        "MSE": 0.11747679999999999,
        "MSE_argmax": 0.2137872
    },
    "3": {
        "KL divergence": 0.1703023536325683,
        "MSE": 0.12629440000000003,
        "MSE_argmax": 0.2094096
    },
    "42": {
        "KL divergence": 0.132201629752082,
        "MSE": 0.12159040000000002,
        "MSE_argmax": 0.22069600000000003
    }
}