{
    "L2": {
        "mean": 0.03875295016053988,
        "std": 0.007807203678494028
    },
    "num_multinomials": 4000.0
}