{
    "1": {
        "KL divergence": 0.2821747055873145,
        "MSE": 0.26662880000000005,
        "MSE_argmax": 0.5139888000000001
    },
    "2": {
        "KL divergence": 0.26209156317585897,
        "MSE": 0.27198720000000004,
        "MSE_argmax": 0.5556144
    },
    "3": {
        "KL divergence": 0.27694951032545073,
        "MSE": 0.2744400000000001,
        "MSE_argmax": 0.5583408000000001
    },
    "42": {
        "KL divergence": 0.28646094508646136,
        "MSE": 0.2873136,
        "MSE_argmax": 0.5511376
    }
}