{
    "1": {
        "KL divergence": 0.25038016031473476,
        "MSE": 0.26769440000000005,
        "MSE_argmax": 0.5196848
    },
    "2": {
        "KL divergence": 0.26987491195429264,
        "MSE": 0.27339840000000004,
        "MSE_argmax": 0.55404
    },
    "42": {
        "KL divergence": 0.28408535710187865,
        "MSE": 0.2838176,
        "MSE_argmax": 0.5596432
    },
    "3": {
        "KL divergence": 0.27033600570689875,
        "MSE": 0.2740752,
        "MSE_argmax": 0.5521264000000001
    }
}