{
    "L2": {
        "mean": 0.05566820309209302,
        "std": 0.012777799566473631
    },
    "num_multinomials": 4000.0
}