{
    "L2": {
        "mean": 0.05534373278739592,
        "std": 0.013494544223437554
    },
    "num_multinomials": 4000.0
}