{
    "1": {
        "KL divergence": 0.2590346868569774,
        "MSE": 0.267192,
        "MSE_argmax": 0.5369168
    },
    "2": {
        "KL divergence": 0.2800129065897673,
        "MSE": 0.2724016,
        "MSE_argmax": 0.5389344
    },
    "3": {
        "KL divergence": 0.32078257983294917,
        "MSE": 0.2766176,
        "MSE_argmax": 0.5443728000000001
    },
    "42": {
        "KL divergence": 0.2898048255786529,
        "MSE": 0.2850544,
        "MSE_argmax": 0.5684832
    }
}