{
    "L2": {
        "mean": 0.055071432808777396,
        "std": 0.013508603681322048
    },
    "num_multinomials": 4000.0
}