{
    "1": {
        "KL divergence": 0.15563424231322676,
        "Perplexity": 0.5466963648796082
    },
    "2": {
        "KL divergence": 0.1568672458044232,
        "Perplexity": 0.5702806115150452
    },
    "3": {
        "KL divergence": 0.16433438119204527,
        "Perplexity": 0.576549768447876
    },
    "42": {
        "KL divergence": 0.16350422881960025,
        "Perplexity": 0.5513657331466675
    }
}