{
    "1": {
        "KL divergence": 0.055533777865335636,
        "Perplexity": 0.42006808519363403
    },
    "2": {
        "KL divergence": 0.049975028868117895,
        "Perplexity": 0.41719284653663635
    },
    "3": {
        "KL divergence": 0.05606195242185065,
        "Perplexity": 0.4274478554725647
    },
    "42": {
        "KL divergence": 0.05099906358247534,
        "Perplexity": 0.44742944836616516
    }
}