{
    "1": {
        "KL divergence": 0.10181074916275543,
        "Perplexity": 0.5089877843856812
    },
    "2": {
        "KL divergence": 0.0926380102368447,
        "Perplexity": 0.5227444171905518
    },
    "3": {
        "KL divergence": 0.11437564910606852,
        "Perplexity": 0.5493314862251282
    },
    "42": {
        "KL divergence": 0.11732354671263762,
        "Perplexity": 0.5263418555259705
    }
}