{
    "1": {
        "KL divergence": 0.0761822371972186,
        "MSE": 0.011396800000000002,
        "MSE_argmax": 0.0110576
    },
    "2": {
        "KL divergence": 0.1340875483243139,
        "MSE": 0.012377599999999997,
        "MSE_argmax": 0.011558399999999998
    },
    "3": {
        "KL divergence": 0.2156853823082392,
        "MSE": 0.0157952,
        "MSE_argmax": 0.012872
    },
    "42": {
        "KL divergence": 0.1064962481034592,
        "MSE": 0.0134848,
        "MSE_argmax": 0.013408000000000002
    }
}