{
    "1": {
        "KL divergence": 0.0761822371972186,
        "MSE": 0.0110576
    },
    "2": {
        "KL divergence": 0.1340875483243139,
        "MSE": 0.0115583999999999
    },
    "3": {
        "KL divergence": 0.2156853823082392,
        "MSE": 0.012872
    },
    "42": {
        "KL divergence": 0.1064962481034592,
        "MSE": 0.013408
    }
}