{
    "L2": {
        "mean": 0.052574290704774776,
        "std": 0.012931156075777224
    },
    "num_multinomials": 4000.0
}