{
    "1": {
        "KL divergence": 0.13511571018154353,
        "Perplexity": 0.7772452235221863
    },
    "2": {
        "KL divergence": 0.13090022214038302,
        "Perplexity": 0.7954052686691284
    },
    "3": {
        "KL divergence": 0.13169918012653734,
        "Perplexity": 0.7800688743591309
    },
    "42": {
        "KL divergence": 0.1348000685950872,
        "Perplexity": 0.7960705161094666
    }
}