{
    "1": {
        "KL divergence": 0.0619796393350358,
        "MSE": 0.0115968
    },
    "2": {
        "KL divergence": 0.1289047642286775,
        "MSE": 0.0117344
    },
    "3": {
        "KL divergence": 0.0850987882668846,
        "MSE": 0.0116672
    },
    "42": {
        "KL divergence": 0.0711680576643655,
        "MSE": 0.0123328
    }
}