{
    "1": {
        "KL divergence": 0.0619796393350358,
        "MSE": 0.010630400000000002,
        "MSE_argmax": 0.0115968
    },
    "2": {
        "KL divergence": 0.1289047642286775,
        "MSE": 0.0120912,
        "MSE_argmax": 0.0117344
    },
    "3": {
        "KL divergence": 0.0850987882668846,
        "MSE": 0.0113312,
        "MSE_argmax": 0.011667199999999999
    },
    "42": {
        "KL divergence": 0.0711680576643655,
        "MSE": 0.0122944,
        "MSE_argmax": 0.012332800000000003
    }
}