{
    "L2": {
        "mean": 0.060972703694334565,
        "std": 0.013024054891880136
    },
    "num_multinomials": 4000.0
}