{
    "1": {
        "KL divergence": 0.06766751625098147,
        "MSE": 0.011796800000000001,
        "MSE_argmax": 0.010460800000000001
    },
    "2": {
        "KL divergence": 0.0885535048556185,
        "MSE": 0.012196799999999999,
        "MSE_argmax": 0.0106736
    },
    "3": {
        "KL divergence": 0.09863405385708743,
        "MSE": 0.0124544,
        "MSE_argmax": 0.012078399999999998
    },
    "42": {
        "KL divergence": 0.09770570699349213,
        "MSE": 0.013062400000000002,
        "MSE_argmax": 0.013080000000000001
    }
}