{
    "L2": {
        "mean": 0.056112322876927086,
        "std": 0.009840107219715205
    },
    "num_multinomials": 4000.0
}