{
    "1": {
        "KL divergence": 0.0733116245706156,
        "Perplexity": 0.7151752710342407
    },
    "2": {
        "KL divergence": 0.061830649868319466,
        "Perplexity": 0.7502036690711975
    },
    "3": {
        "KL divergence": 0.06594550102196843,
        "Perplexity": 0.7176716923713684
    },
    "42": {
        "KL divergence": 0.0648029430265516,
        "Perplexity": 0.741666316986084
    }
}