{
    "1": {
        "KL divergence": 0.0956021229435261,
        "MSE": 0.0317936,
        "MSE_argmax": 0.034912
    },
    "2": {
        "KL divergence": 0.0920341533540319,
        "MSE": 0.0313808,
        "MSE_argmax": 0.0368032
    },
    "3": {
        "KL divergence": 0.0906487259567968,
        "MSE": 0.0324528,
        "MSE_argmax": 0.0360048
    },
    "42": {
        "KL divergence": 0.1058757009177475,
        "MSE": 0.034136,
        "MSE_argmax": 0.037246400000000006
    }
}