{
    "L2": {
        "mean": 0.03310831999840839,
        "std": 0.009643957092561741
    },
    "num_multinomials": 4000.0
}