{
    "1": {
        "KL divergence": 0.16007022609879537,
        "MSE": 0.2663392,
        "MSE_argmax": 0.5277904
    },
    "2": {
        "KL divergence": 0.14757427924643762,
        "MSE": 0.2737088,
        "MSE_argmax": 0.5520656
    },
    "42": {
        "KL divergence": 0.18242806747321144,
        "MSE": 0.28617760000000003,
        "MSE_argmax": 0.5713808
    },
    "3": {
        "KL divergence": 0.19387686864374204,
        "MSE": 0.2740064,
        "MSE_argmax": 0.5320736
    }
}