{
    "1": {
        "KL divergence": 0.1646769384942785,
        "MSE": 0.2661712,
        "MSE_argmax": 0.5063968
    },
    "2": {
        "KL divergence": 0.1644720553454862,
        "MSE": 0.270904,
        "MSE_argmax": 0.5138335999999999
    },
    "3": {
        "KL divergence": 0.1590850784252617,
        "MSE": 0.27534880000000006,
        "MSE_argmax": 0.5285104
    },
    "42": {
        "KL divergence": 0.18413580501681093,
        "MSE": 0.28436,
        "MSE_argmax": 0.5075488
    }
}