{
    "L2": {
        "mean": 0.09829025761431705,
        "std": 0.028387641157769334
    },
    "num_multinomials": 4000.0
}