{
    "L2": {
        "mean": 0.09689498671230191,
        "std": 0.028259196277908228
    },
    "num_multinomials": 4000.0
}