{
    "1": {
        "KL divergence": 0.22554802396248982,
        "Perplexity": 0.5804339647293091
    },
    "2": {
        "KL divergence": 0.23174837032118195,
        "Perplexity": 0.6174723505973816
    },
    "3": {
        "KL divergence": 0.21361227462472768,
        "Perplexity": 0.6055174469947815
    },
    "42": {
        "KL divergence": 0.21982337897715015,
        "Perplexity": 0.5857819318771362
    }
}