{
    "1": {
        "KL divergence": 0.3226675878265229,
        "MSE": 0.2680176,
        "MSE_argmax": 0.5148416
    },
    "2": {
        "KL divergence": 0.21787807247664712,
        "MSE": 0.27464160000000004,
        "MSE_argmax": 0.5686912
    },
    "3": {
        "KL divergence": 0.27628722349205603,
        "MSE": 0.2806208,
        "MSE_argmax": 0.5551743999999998
    },
    "42": {
        "KL divergence": 0.28793249219385453,
        "MSE": 0.2858048,
        "MSE_argmax": 0.5535664000000001
    }
}