{
    "L2": {
        "mean": 0.12900361920532433,
        "std": 0.04665556717450783
    },
    "num_multinomials": 4000.0
}