{
    "1": {
        "KL divergence": 0.5662531875269963,
        "MSE": 0.0132672
    },
    "2": {
        "KL divergence": 0.5595364312014647,
        "MSE": 0.0096848
    },
    "3": {
        "KL divergence": 0.5602199129798161,
        "MSE": 0.01004
    },
    "42": {
        "KL divergence": 0.5608462568312634,
        "MSE": 0.0112448
    }
}