{
    "1": {
        "KL divergence": 0.5662531875269963,
        "MSE": 0.046472,
        "MSE_argmax": 0.0132672
    },
    "2": {
        "KL divergence": 0.5595364312014647,
        "MSE": 0.039979200000000006,
        "MSE_argmax": 0.009684799999999999
    },
    "3": {
        "KL divergence": 0.5602199129798161,
        "MSE": 0.046968,
        "MSE_argmax": 0.010039999999999999
    },
    "42": {
        "KL divergence": 0.5608462568312634,
        "MSE": 0.0443728,
        "MSE_argmax": 0.0112448
    }
}