{
    "L2": {
        "mean": 0.016921429408367786,
        "std": 0.00016314815521964698
    },
    "num_multinomials": 4000.0
}