{
    "1": {
        "KL divergence": 0.2231342944622769,
        "MSE": 0.2284112
    },
    "2": {
        "KL divergence": 0.1808814715471249,
        "MSE": 0.1977152
    },
    "3": {
        "KL divergence": 0.1888081571323233,
        "MSE": 0.2163616
    },
    "42": {
        "KL divergence": 0.1660449703089205,
        "MSE": 0.2179648
    }
}