{
    "1": {
        "KL divergence": 0.2231342944622769,
        "MSE": 0.1260128,
        "MSE_argmax": 0.2284112
    },
    "2": {
        "KL divergence": 0.1808814715471249,
        "MSE": 0.11800160000000003,
        "MSE_argmax": 0.1977152
    },
    "3": {
        "KL divergence": 0.1888081571323233,
        "MSE": 0.12948320000000002,
        "MSE_argmax": 0.21636160000000002
    },
    "42": {
        "KL divergence": 0.1660449703089205,
        "MSE": 0.12472000000000001,
        "MSE_argmax": 0.21796480000000001
    }
}