{
    "L2": {
        "mean": 0.026138748584442432,
        "std": 0.004387215565280917
    },
    "num_multinomials": 4000.0
}