{
    "1": {
        "KL divergence": 0.32704082409279916,
        "Perplexity": 0.643987774848938
    },
    "2": {
        "KL divergence": 0.3203612353946486,
        "Perplexity": 0.6650307774543762
    },
    "3": {
        "KL divergence": 0.32698524511736055,
        "Perplexity": 0.6757709383964539
    },
    "42": {
        "KL divergence": 0.31942107952514426,
        "Perplexity": 0.6490545868873596
    }
}