{
    "1": {
        "KL divergence": 0.11428717054466292,
        "MSE": 0.013708800000000002,
        "MSE_argmax": 0.010630400000000002
    },
    "2": {
        "KL divergence": 0.10390765760568585,
        "MSE": 0.013052800000000002,
        "MSE_argmax": 0.010875199999999998
    },
    "3": {
        "KL divergence": 0.08984169697734745,
        "MSE": 0.0151696,
        "MSE_argmax": 0.0108688
    },
    "42": {
        "KL divergence": 0.13605407137477127,
        "MSE": 0.016944000000000004,
        "MSE_argmax": 0.012782400000000001
    }
}