{
    "L2": {
        "mean": 0.050020847577916604,
        "std": 0.00478128236855968
    },
    "num_multinomials": 4000.0
}