{
    "1": {
        "KL divergence": 0.5710208198536304,
        "MSE": 0.0496144,
        "MSE_argmax": 0.010374399999999999
    },
    "2": {
        "KL divergence": 0.5622478786206235,
        "MSE": 0.043830400000000005,
        "MSE_argmax": 0.0105504
    },
    "3": {
        "KL divergence": 0.5684832687282578,
        "MSE": 0.0456272,
        "MSE_argmax": 0.011084799999999997
    },
    "42": {
        "KL divergence": 0.5610148598325287,
        "MSE": 0.04639200000000001,
        "MSE_argmax": 0.01124
    }
}