{
    "L2": {
        "mean": 0.01690900969675495,
        "std": 0.0001953418863912267
    },
    "num_multinomials": 4000.0
}