{
    "1": {
        "KL divergence": 0.08979749305916994,
        "MSE": 0.011624,
        "MSE_argmax": 0.011616000000000001
    },
    "2": {
        "KL divergence": 0.07286634396097219,
        "MSE": 0.010384000000000001,
        "MSE_argmax": 0.0111744
    },
    "3": {
        "KL divergence": 0.09875198724526088,
        "MSE": 0.011569600000000001,
        "MSE_argmax": 0.012044799999999998
    },
    "42": {
        "KL divergence": 0.07149863701593374,
        "MSE": 0.0123392,
        "MSE_argmax": 0.011977600000000001
    }
}