{
    "L2": {
        "mean": 0.05920765335988527,
        "std": 0.012521498695573112
    },
    "num_multinomials": 4000.0
}