{
    "1": {
        "KL divergence": 0.2403355251454585,
        "MSE": 0.0313072
    },
    "2": {
        "KL divergence": 0.234487093767986,
        "MSE": 0.0298512
    },
    "3": {
        "KL divergence": 0.234346048691683,
        "MSE": 0.0309312
    },
    "42": {
        "KL divergence": 0.2407565667231855,
        "MSE": 0.0333296
    }
}