{
    "L2": {
        "mean": 0.016485701456288037,
        "std": 0.00040959512041599945
    },
    "num_multinomials": 4000.0
}