{
    "1": {
        "KL divergence": 0.14880391945024282,
        "MSE": 0.26543680000000003,
        "MSE_argmax": 0.5016448
    },
    "2": {
        "KL divergence": 0.16046081652534425,
        "MSE": 0.2729456,
        "MSE_argmax": 0.5337296
    },
    "3": {
        "KL divergence": 0.17256922591613744,
        "MSE": 0.272088,
        "MSE_argmax": 0.52452
    },
    "42": {
        "KL divergence": 0.20552718614964632,
        "MSE": 0.285728,
        "MSE_argmax": 0.5544176
    }
}