{
    "L2": {
        "mean": 0.09493564917665115,
        "std": 0.028794303672568067
    },
    "num_multinomials": 4000.0
}