{
    "1": {
        "KL divergence": 0.13574080929582602,
        "MSE": 0.12069120000000001,
        "MSE_argmax": 0.21554880000000004
    },
    "2": {
        "KL divergence": 0.1934094774761699,
        "MSE": 0.1178272,
        "MSE_argmax": 0.20244639999999997
    },
    "3": {
        "KL divergence": 0.164789875444296,
        "MSE": 0.1262816,
        "MSE_argmax": 0.201112
    },
    "42": {
        "KL divergence": 0.1929529450859289,
        "MSE": 0.12398720000000002,
        "MSE_argmax": 0.22177760000000002
    }
}