{
    "L2": {
        "mean": 0.03570328152766447,
        "std": 0.007523664467639155
    },
    "num_multinomials": 4000.0
}