{
    "1": {
        "KL divergence": 0.22754488047690902,
        "MSE": 0.2658544,
        "MSE_argmax": 0.4962464
    },
    "2": {
        "KL divergence": 0.19256071573036912,
        "MSE": 0.2733824,
        "MSE_argmax": 0.5696144
    },
    "3": {
        "KL divergence": 0.2531811957382533,
        "MSE": 0.2784016,
        "MSE_argmax": 0.5549936
    },
    "42": {
        "KL divergence": 0.26362793810612334,
        "MSE": 0.28567040000000005,
        "MSE_argmax": 0.5527856000000001
    }
}