{
    "L2": {
        "mean": 0.1274096871763626,
        "std": 0.04423055893208137
    },
    "num_multinomials": 4000.0
}