{
    "1": {
        "KL divergence": 0.15672470384666387,
        "MSE": 0.26812480000000005,
        "MSE_argmax": 0.5150704
    },
    "2": {
        "KL divergence": 0.14370325189934732,
        "MSE": 0.27302880000000007,
        "MSE_argmax": 0.5641568
    },
    "42": {
        "KL divergence": 0.18794777811242702,
        "MSE": 0.28697600000000006,
        "MSE_argmax": 0.5413168
    },
    "3": {
        "KL divergence": 0.16813962749552194,
        "MSE": 0.2762336,
        "MSE_argmax": 0.5461872000000001
    }
}