{
    "1": {
        "KL divergence": 0.16563465404409494,
        "MSE": 0.26584640000000004,
        "MSE_argmax": 0.5374336000000001
    },
    "2": {
        "KL divergence": 0.15315348448333765,
        "MSE": 0.27374560000000003,
        "MSE_argmax": 0.5604016
    },
    "3": {
        "KL divergence": 0.169950656253452,
        "MSE": 0.2749936,
        "MSE_argmax": 0.5518032
    },
    "42": {
        "KL divergence": 0.19705610470835205,
        "MSE": 0.2866928,
        "MSE_argmax": 0.532752
    }
}