{
    "L2": {
        "mean": 0.08481048740222723,
        "std": 0.024528236801341925
    },
    "num_multinomials": 4000.0
}