{
    "L2": {
        "mean": 0.0852705614681717,
        "std": 0.02447534290722158
    },
    "num_multinomials": 4000.0
}