{
    "1": {
        "KL divergence": 0.1566018652130942,
        "MSE": 0.0121984
    },
    "2": {
        "KL divergence": 0.1051593151499412,
        "MSE": 0.0107536
    },
    "3": {
        "KL divergence": 0.1251797603514969,
        "MSE": 0.0115663999999999
    },
    "42": {
        "KL divergence": 0.1087014495732172,
        "MSE": 0.0129744
    }
}