{
    "1": {
        "KL divergence": 0.1566018652130942,
        "MSE": 0.013183999999999998,
        "MSE_argmax": 0.0121984
    },
    "2": {
        "KL divergence": 0.1051593151499412,
        "MSE": 0.0118832,
        "MSE_argmax": 0.010753600000000002
    },
    "3": {
        "KL divergence": 0.1251797603514969,
        "MSE": 0.012384000000000003,
        "MSE_argmax": 0.011566399999999998
    },
    "42": {
        "KL divergence": 0.1087014495732172,
        "MSE": 0.013187200000000003,
        "MSE_argmax": 0.0129744
    }
}