{
    "L2": {
        "mean": 0.05281218837698996,
        "std": 0.010927744918422527
    },
    "num_multinomials": 4000.0
}