{
    "1": {
        "KL divergence": 0.0982972005335255,
        "MSE": 0.0129008,
        "MSE_argmax": 0.0109216
    },
    "2": {
        "KL divergence": 0.1040999013576239,
        "MSE": 0.0135504,
        "MSE_argmax": 0.0106592
    },
    "3": {
        "KL divergence": 0.0829256796875183,
        "MSE": 0.014203200000000001,
        "MSE_argmax": 0.0106432
    },
    "42": {
        "KL divergence": 0.1979588919024912,
        "MSE": 0.018224000000000004,
        "MSE_argmax": 0.0183552
    }
}