{
    "L2": {
        "mean": 0.0482730935180498,
        "std": 0.006299651082871644
    },
    "num_multinomials": 4000.0
}