{
    "1": {
        "KL divergence": 0.3889675300842263,
        "MSE": 0.1303072,
        "MSE_argmax": 0.2127504
    },
    "2": {
        "KL divergence": 0.39154131945387033,
        "MSE": 0.1246608,
        "MSE_argmax": 0.22425920000000002
    },
    "3": {
        "KL divergence": 0.3769825586537037,
        "MSE": 0.13012800000000002,
        "MSE_argmax": 0.2224928
    },
    "42": {
        "KL divergence": 0.3899593970488911,
        "MSE": 0.12733440000000001,
        "MSE_argmax": 0.21904960000000004
    }
}