{
    "L2": {
        "mean": 0.015422458392372036,
        "std": 0.002288222034800951
    },
    "num_multinomials": 4000.0
}