{
    "1": {
        "KL divergence": 0.18867550245876352,
        "Perplexity": 0.48526284098625183
    },
    "2": {
        "KL divergence": 0.18288827326556248,
        "Perplexity": 0.48460131883621216
    },
    "3": {
        "KL divergence": 0.18631485079748725,
        "Perplexity": 0.4899851083755493
    },
    "42": {
        "KL divergence": 0.18397835507196572,
        "Perplexity": 0.49889466166496277
    }
}