{
    "1": {
        "KL divergence": 0.04272538302526772,
        "Perplexity": 0.4119364619255066
    },
    "2": {
        "KL divergence": 0.02755483834435701,
        "Perplexity": 0.4095236361026764
    },
    "3": {
        "KL divergence": 0.041840285668501905,
        "Perplexity": 0.4257012605667114
    },
    "42": {
        "KL divergence": 0.039540008458562016,
        "Perplexity": 0.44794514775276184
    }
}