{
    "1": {
        "KL divergence": 0.0902431709774016,
        "MSE": 0.0315407999999999
    },
    "2": {
        "KL divergence": 0.0922919366686854,
        "MSE": 0.033248
    },
    "3": {
        "KL divergence": 0.0903509287877975,
        "MSE": 0.0317552
    },
    "42": {
        "KL divergence": 0.0910806307261791,
        "MSE": 0.033504
    }
}