{
    "1": {
        "KL divergence": 0.0902431709774016,
        "MSE": 0.0326624,
        "MSE_argmax": 0.031540799999999994
    },
    "2": {
        "KL divergence": 0.0922919366686854,
        "MSE": 0.034102400000000005,
        "MSE_argmax": 0.03324800000000001
    },
    "3": {
        "KL divergence": 0.0903509287877975,
        "MSE": 0.034193600000000005,
        "MSE_argmax": 0.031755200000000004
    },
    "42": {
        "KL divergence": 0.0910806307261791,
        "MSE": 0.035238399999999996,
        "MSE_argmax": 0.033504000000000006
    }
}