{
    "L2": {
        "mean": 0.028789588680907932,
        "std": 0.0038146026185103183
    },
    "num_multinomials": 4000.0
}