{
    "1": {
        "KL divergence": 0.06715553471468332,
        "Perplexity": 0.7186275720596313
    },
    "2": {
        "KL divergence": 0.06583709260002792,
        "Perplexity": 0.7613599896430969
    },
    "3": {
        "KL divergence": 0.06302056377664389,
        "Perplexity": 0.7304391264915466
    },
    "42": {
        "KL divergence": 0.06431153589828256,
        "Perplexity": 0.7447243332862854
    }
}