{
    "1": {
        "KL divergence": 0.5540776902725617,
        "MSE": 0.26812959999999997,
        "MSE_argmax": 0.5189728
    },
    "2": {
        "KL divergence": 0.5608206806269481,
        "MSE": 0.27407360000000003,
        "MSE_argmax": 0.5560575999999999
    },
    "3": {
        "KL divergence": 0.5668625087005437,
        "MSE": 0.2747536,
        "MSE_argmax": 0.5547744
    },
    "42": {
        "KL divergence": 0.5485913951769058,
        "MSE": 0.28551200000000004,
        "MSE_argmax": 0.523904
    }
}