{
    "L2": {
        "mean": 0.028959395239858993,
        "std": 0.005912344363655392
    },
    "num_multinomials": 4000.0
}