{
    "1": {
        "KL divergence": 0.21808888573841761,
        "Perplexity": 0.5768594741821289
    },
    "2": {
        "KL divergence": 0.23083873158993823,
        "Perplexity": 0.6013574600219727
    },
    "3": {
        "KL divergence": 0.2383857057640175,
        "Perplexity": 0.6157748699188232
    },
    "42": {
        "KL divergence": 0.22708480831879949,
        "Perplexity": 0.590349555015564
    }
}