{
    "1": {
        "KL divergence": 0.12289790077268532,
        "Perplexity": 0.5258184671401978
    },
    "2": {
        "KL divergence": 0.12075077444949565,
        "Perplexity": 0.5443125367164612
    },
    "3": {
        "KL divergence": 0.12192598770058172,
        "Perplexity": 0.5527217388153076
    },
    "42": {
        "KL divergence": 0.1439236254878005,
        "Perplexity": 0.538748562335968
    }
}