{
    "1": {
        "KL divergence": 0.06953238146102328,
        "Perplexity": 0.7141748070716858
    },
    "2": {
        "KL divergence": 0.05988014308581435,
        "Perplexity": 0.7547434568405151
    },
    "3": {
        "KL divergence": 0.06861253209767565,
        "Perplexity": 0.7135733962059021
    },
    "42": {
        "KL divergence": 0.0634972884730764,
        "Perplexity": 0.7419004440307617
    }
}