{
    "1": {
        "KL divergence": 0.104385264403044,
        "MSE": 0.034928
    },
    "2": {
        "KL divergence": 0.09422637899206,
        "MSE": 0.0352991999999999
    },
    "3": {
        "KL divergence": 0.1149388279850013,
        "MSE": 0.0342736
    },
    "42": {
        "KL divergence": 0.1056911316363844,
        "MSE": 0.0422064
    }
}