{
    "1": {
        "KL divergence": 0.104385264403044,
        "MSE": 0.0319968,
        "MSE_argmax": 0.034928
    },
    "2": {
        "KL divergence": 0.09422637899206,
        "MSE": 0.030779200000000003,
        "MSE_argmax": 0.035299199999999996
    },
    "3": {
        "KL divergence": 0.1149388279850013,
        "MSE": 0.0320928,
        "MSE_argmax": 0.0342736
    },
    "42": {
        "KL divergence": 0.1056911316363844,
        "MSE": 0.0336656,
        "MSE_argmax": 0.042206400000000005
    }
}