{
    "L2": {
        "mean": 0.03846887744098214,
        "std": 0.012621089525746577
    },
    "num_multinomials": 4000.0
}