{
    "1": {
        "KL divergence": 0.1773794655021811,
        "MSE": 0.2280016
    },
    "2": {
        "KL divergence": 0.169391101230359,
        "MSE": 0.1898816
    },
    "3": {
        "KL divergence": 0.1093821882912395,
        "MSE": 0.2060672
    },
    "42": {
        "KL divergence": 0.1273218637964437,
        "MSE": 0.2183696
    }
}