{
    "L2": {
        "mean": 0.03759980855197304,
        "std": 0.006647012433658982
    },
    "num_multinomials": 4000.0
}