{
    "1": {
        "KL divergence": 0.09372453568680375,
        "Perplexity": 0.7343496680259705
    },
    "2": {
        "KL divergence": 0.07297398388533405,
        "Perplexity": 0.7425145506858826
    },
    "3": {
        "KL divergence": 0.08957119499552016,
        "Perplexity": 0.7355932593345642
    },
    "42": {
        "KL divergence": 0.07627092816098657,
        "Perplexity": 0.759092390537262
    }
}