{
    "1": {
        "KL divergence": 0.23899755558266075,
        "MSE": 0.2649312,
        "MSE_argmax": 0.493728
    },
    "2": {
        "KL divergence": 0.20652944778981003,
        "MSE": 0.27127680000000004,
        "MSE_argmax": 0.5407264
    },
    "3": {
        "KL divergence": 0.21910543749145625,
        "MSE": 0.2776128,
        "MSE_argmax": 0.5572976
    },
    "42": {
        "KL divergence": 0.2121188023578186,
        "MSE": 0.28571360000000007,
        "MSE_argmax": 0.533824
    }
}