{
    "1": {
        "KL divergence": 0.21419616449481024,
        "MSE": 0.26937120000000003,
        "MSE_argmax": 0.5341392
    },
    "2": {
        "KL divergence": 0.1939011166611457,
        "MSE": 0.2704848000000001,
        "MSE_argmax": 0.5455968
    },
    "42": {
        "KL divergence": 0.20872743961476908,
        "MSE": 0.2878016,
        "MSE_argmax": 0.5589936
    },
    "3": {
        "KL divergence": 0.21825125904522202,
        "MSE": 0.2764064,
        "MSE_argmax": 0.5541456
    }
}