{
    "L2": {
        "mean": 0.06683210994842027,
        "std": 0.01760075050610986
    },
    "num_multinomials": 4000.0
}