{
    "L2": {
        "mean": 0.0671856038185365,
        "std": 0.017718323139962317
    },
    "num_multinomials": 4000.0
}