{
    "1": {
        "KL divergence": 0.0851101651534347,
        "MSE": 0.0339856
    },
    "2": {
        "KL divergence": 0.0852487276840872,
        "MSE": 0.0354672
    },
    "3": {
        "KL divergence": 0.096517164564728,
        "MSE": 0.0340688
    },
    "42": {
        "KL divergence": 0.0896008001784491,
        "MSE": 0.03664
    }
}