{
    "1": {
        "KL divergence": 0.0851101651534347,
        "MSE": 0.0323408,
        "MSE_argmax": 0.033985600000000005
    },
    "2": {
        "KL divergence": 0.0852487276840872,
        "MSE": 0.0315104,
        "MSE_argmax": 0.035467200000000004
    },
    "3": {
        "KL divergence": 0.096517164564728,
        "MSE": 0.032976,
        "MSE_argmax": 0.0340688
    },
    "42": {
        "KL divergence": 0.0896008001784491,
        "MSE": 0.03388800000000001,
        "MSE_argmax": 0.03664
    }
}