{
    "L2": {
        "mean": 0.03158842666417898,
        "std": 0.008106048331940079
    },
    "num_multinomials": 4000.0
}