{
    "1": {
        "KL divergence": 0.2552858892222701,
        "MSE": 0.27059840000000007,
        "MSE_argmax": 0.5221296
    },
    "2": {
        "KL divergence": 0.22425552564830314,
        "MSE": 0.27230560000000004,
        "MSE_argmax": 0.5394479999999999
    },
    "3": {
        "KL divergence": 0.22380350289120352,
        "MSE": 0.27530560000000004,
        "MSE_argmax": 0.5424368
    },
    "42": {
        "KL divergence": 0.22566324811392716,
        "MSE": 0.28561120000000007,
        "MSE_argmax": 0.5458832
    }
}