{
    "L2": {
        "mean": 0.06567908061754284,
        "std": 0.017567413182804224
    },
    "num_multinomials": 4000.0
}