{
    "1": {
        "KL divergence": 0.1009674737431336,
        "MSE": 0.032236799999999996,
        "MSE_argmax": 0.0346464
    },
    "2": {
        "KL divergence": 0.0950103444801428,
        "MSE": 0.0322496,
        "MSE_argmax": 0.0355472
    },
    "3": {
        "KL divergence": 0.0922204691862385,
        "MSE": 0.0322192,
        "MSE_argmax": 0.0360976
    },
    "42": {
        "KL divergence": 0.1195420905013008,
        "MSE": 0.0357856,
        "MSE_argmax": 0.0388528
    }
}