{
    "L2": {
        "mean": 0.03436004145708722,
        "std": 0.01017756353469066
    },
    "num_multinomials": 4000.0
}