{
    "1": {
        "KL divergence": 0.1443460381432718,
        "MSE": 0.1229616,
        "MSE_argmax": 0.2047872
    },
    "2": {
        "KL divergence": 0.1739187433019278,
        "MSE": 0.11798240000000002,
        "MSE_argmax": 0.208104
    },
    "3": {
        "KL divergence": 0.12240632284433124,
        "MSE": 0.1251024,
        "MSE_argmax": 0.20996640000000003
    },
    "42": {
        "KL divergence": 0.14033880754065395,
        "MSE": 0.12420640000000001,
        "MSE_argmax": 0.22117920000000002
    }
}