{
    "L2": {
        "mean": 0.03371494223504027,
        "std": 0.006552711689996883
    },
    "num_multinomials": 4000.0
}