{
    "1": {
        "KL divergence": 0.11471761457265514,
        "MSE": 0.0313792,
        "MSE_argmax": 0.0335424
    },
    "2": {
        "KL divergence": 0.0216561134929852,
        "MSE": 0.0298688,
        "MSE_argmax": 0.046174400000000004
    },
    "3": {
        "KL divergence": 0.09643781275681061,
        "MSE": 0.0311984,
        "MSE_argmax": 0.031395200000000005
    },
    "42": {
        "KL divergence": 0.1005278591487392,
        "MSE": 0.0324032,
        "MSE_argmax": 0.03264160000000001
    }
}