{
    "1": {
        "KL divergence": 0.1477195966582764,
        "MSE": 0.12322400000000001,
        "MSE_argmax": 0.2195824
    },
    "2": {
        "KL divergence": 0.188926469933141,
        "MSE": 0.11980000000000002,
        "MSE_argmax": 0.21315040000000002
    },
    "3": {
        "KL divergence": 0.258896876129097,
        "MSE": 0.126696,
        "MSE_argmax": 0.1957664
    },
    "42": {
        "KL divergence": 0.1549384976398457,
        "MSE": 0.12315680000000001,
        "MSE_argmax": 0.2272608
    }
}