{
    "1": {
        "KL divergence": 0.1477195966582764,
        "MSE": 0.2195824
    },
    "2": {
        "KL divergence": 0.188926469933141,
        "MSE": 0.2131504
    },
    "3": {
        "KL divergence": 0.258896876129097,
        "MSE": 0.1957664
    },
    "42": {
        "KL divergence": 0.1549384976398457,
        "MSE": 0.2272608
    }
}