{
    "L2": {
        "mean": 0.030595638806479405,
        "std": 0.0066082526144365895
    },
    "num_multinomials": 4000.0
}