{
    "1": {
        "KL divergence": 0.2361496699494943,
        "MSE": 0.0309744
    },
    "2": {
        "KL divergence": 0.2333005209383896,
        "MSE": 0.0295552
    },
    "3": {
        "KL divergence": 0.2326045499681293,
        "MSE": 0.0313328
    },
    "42": {
        "KL divergence": 0.2384286318390388,
        "MSE": 0.0328816
    }
}