{
    "1": {
        "KL divergence": 0.2361496699494943,
        "MSE": 0.0533488,
        "MSE_argmax": 0.0309744
    },
    "2": {
        "KL divergence": 0.2333005209383896,
        "MSE": 0.05028160000000001,
        "MSE_argmax": 0.029555200000000004
    },
    "3": {
        "KL divergence": 0.2326045499681293,
        "MSE": 0.053419200000000014,
        "MSE_argmax": 0.0313328
    },
    "42": {
        "KL divergence": 0.2384286318390388,
        "MSE": 0.05591840000000001,
        "MSE_argmax": 0.0328816
    }
}