{
    "L2": {
        "mean": 0.01657490325798786,
        "std": 0.0003306196681532229
    },
    "num_multinomials": 4000.0
}