{
    "1": {
        "KL divergence": 0.0911987270221625,
        "MSE": 0.0358191999999999
    },
    "2": {
        "KL divergence": 0.0893011433791649,
        "MSE": 0.0356704
    },
    "3": {
        "KL divergence": 0.154911663556253,
        "MSE": 0.0364592
    },
    "42": {
        "KL divergence": 0.1135045235312815,
        "MSE": 0.0364896
    }
}