{
    "1": {
        "KL divergence": 0.0911987270221625,
        "MSE": 0.0329296,
        "MSE_argmax": 0.035819199999999995
    },
    "2": {
        "KL divergence": 0.0893011433791649,
        "MSE": 0.0316704,
        "MSE_argmax": 0.0356704
    },
    "3": {
        "KL divergence": 0.154911663556253,
        "MSE": 0.0346096,
        "MSE_argmax": 0.03645920000000001
    },
    "42": {
        "KL divergence": 0.1135045235312815,
        "MSE": 0.033736,
        "MSE_argmax": 0.036489600000000004
    }
}