{
    "L2": {
        "mean": 0.031816327240980234,
        "std": 0.007574508785560563
    },
    "num_multinomials": 4000.0
}