{
    "1": {
        "KL divergence": 0.15289265509791944,
        "MSE": 0.26596640000000005,
        "MSE_argmax": 0.4968592
    },
    "3": {
        "KL divergence": 0.16832325627790476,
        "MSE": 0.27578880000000006,
        "MSE_argmax": 0.5422239999999999
    },
    "42": {
        "KL divergence": 0.1856308278776319,
        "MSE": 0.2876944,
        "MSE_argmax": 0.5472816
    },
    "2": {
        "KL divergence": 0.18192845712972316,
        "MSE": 0.2725792,
        "MSE_argmax": 0.5591055999999999
    }
}