{
    "L2": {
        "mean": 0.08606819157146231,
        "std": 0.02575994529240185
    },
    "num_multinomials": 4000.0
}