{
    "1": {
        "KL divergence": 0.09369487386521254,
        "Perplexity": 0.5100311636924744
    },
    "2": {
        "KL divergence": 0.10292187612418935,
        "Perplexity": 0.5401821732521057
    },
    "3": {
        "KL divergence": 0.09751594126626897,
        "Perplexity": 0.5350999236106873
    },
    "42": {
        "KL divergence": 0.11231744888923854,
        "Perplexity": 0.523618757724762
    }
}