{
    "1": {
        "KL divergence": 0.1788802618799369,
        "MSE": 0.1203792,
        "MSE_argmax": 0.2137744
    },
    "2": {
        "KL divergence": 0.1279292084630556,
        "MSE": 0.11660480000000001,
        "MSE_argmax": 0.20630560000000003
    },
    "3": {
        "KL divergence": 0.152855149857152,
        "MSE": 0.12703680000000003,
        "MSE_argmax": 0.21704960000000004
    },
    "42": {
        "KL divergence": 0.1410952871725291,
        "MSE": 0.12075360000000002,
        "MSE_argmax": 0.2186624
    }
}