{
    "1": {
        "KL divergence": 0.1788802618799369,
        "MSE": 0.2137744
    },
    "2": {
        "KL divergence": 0.1279292084630556,
        "MSE": 0.2063056
    },
    "3": {
        "KL divergence": 0.152855149857152,
        "MSE": 0.2170496
    },
    "42": {
        "KL divergence": 0.1410952871725291,
        "MSE": 0.2186624
    }
}