{
    "L2": {
        "mean": 0.04110196551710453,
        "std": 0.008924650411149279
    },
    "num_multinomials": 4000.0
}