{
    "1": {
        "KL divergence": 0.39797703511514193,
        "MSE": 0.26420800000000005,
        "MSE_argmax": 0.5186000000000001
    },
    "2": {
        "KL divergence": 0.39745700968393805,
        "MSE": 0.27123040000000004,
        "MSE_argmax": 0.513952
    },
    "3": {
        "KL divergence": 0.4217732308692992,
        "MSE": 0.27213600000000004,
        "MSE_argmax": 0.5332448
    },
    "42": {
        "KL divergence": 0.41073178258972237,
        "MSE": 0.28567040000000005,
        "MSE_argmax": 0.5259184
    }
}