{
    "L2": {
        "mean": 0.06070635464259126,
        "std": 0.0032129580350313725
    },
    "num_multinomials": 4000.0
}