{
    "1": {
        "KL divergence": 0.14147927782058098,
        "MSE": 0.12446400000000002,
        "MSE_argmax": 0.21908640000000001
    },
    "2": {
        "KL divergence": 0.14344452682994843,
        "MSE": 0.1185488,
        "MSE_argmax": 0.21226880000000004
    },
    "3": {
        "KL divergence": 0.17825689702987074,
        "MSE": 0.12399040000000003,
        "MSE_argmax": 0.20265760000000002
    },
    "42": {
        "KL divergence": 0.1633964952880403,
        "MSE": 0.12188000000000002,
        "MSE_argmax": 0.20916800000000005
    }
}