{
    "L2": {
        "mean": 0.038917611837362094,
        "std": 0.0076405302101661314
    },
    "num_multinomials": 4000.0
}