{
    "1": {
        "KL divergence": 0.46164593901594897,
        "MSE": 0.13698079999999999,
        "MSE_argmax": 0.2007392
    },
    "2": {
        "KL divergence": 0.1665112883157249,
        "MSE": 0.11585920000000001,
        "MSE_argmax": 0.1951504
    },
    "3": {
        "KL divergence": 0.20854699324776857,
        "MSE": 0.12866560000000002,
        "MSE_argmax": 0.2202432
    },
    "42": {
        "KL divergence": 0.22078345788712384,
        "MSE": 0.12496960000000001,
        "MSE_argmax": 0.21362720000000002
    }
}