{
    "L2": {
        "mean": 0.03456222861649904,
        "std": 0.008389028950855039
    },
    "num_multinomials": 4000.0
}