{
    "1": {
        "KL divergence": 0.1764491537945357,
        "MSE": 0.125456,
        "MSE_argmax": 0.22131040000000002
    },
    "2": {
        "KL divergence": 0.2833321096492746,
        "MSE": 0.11815360000000001,
        "MSE_argmax": 0.1959248
    },
    "3": {
        "KL divergence": 0.1450889904330346,
        "MSE": 0.1261872,
        "MSE_argmax": 0.2199792
    },
    "42": {
        "KL divergence": 0.3048532881130493,
        "MSE": 0.12316320000000001,
        "MSE_argmax": 0.207488
    }
}