{
    "L2": {
        "mean": 0.035821564006506865,
        "std": 0.009032917299383244
    },
    "num_multinomials": 4000.0
}