{
    "1": {
        "KL divergence": 0.08220345942734128,
        "MSE": 0.013388800000000003,
        "MSE_argmax": 0.0100896
    },
    "2": {
        "KL divergence": 0.07674706928268413,
        "MSE": 0.013007999999999999,
        "MSE_argmax": 0.010136000000000001
    },
    "3": {
        "KL divergence": 0.07733926012181061,
        "MSE": 0.01404,
        "MSE_argmax": 0.0103936
    },
    "42": {
        "KL divergence": 0.10602860378278987,
        "MSE": 0.0144144,
        "MSE_argmax": 0.012192
    }
}