{
    "L2": {
        "mean": 0.05055595249918314,
        "std": 0.004543632572311527
    },
    "num_multinomials": 4000.0
}