{
    "1": {
        "KL divergence": 0.5084516337570772,
        "Perplexity": 0.7780829668045044
    },
    "2": {
        "KL divergence": 0.5052094703190185,
        "Perplexity": 0.7988306283950806
    },
    "3": {
        "KL divergence": 0.5017326615065001,
        "Perplexity": 0.7970378398895264
    },
    "42": {
        "KL divergence": 0.4940396862665972,
        "Perplexity": 0.7728721499443054
    }
}