{
    "1": {
        "KL divergence": 0.146672901468943,
        "MSE": 0.12483680000000001,
        "MSE_argmax": 0.2223872
    },
    "2": {
        "KL divergence": 0.1449596076789718,
        "MSE": 0.11609440000000001,
        "MSE_argmax": 0.2012592
    },
    "3": {
        "KL divergence": 0.1712636628272017,
        "MSE": 0.1258416,
        "MSE_argmax": 0.22176
    },
    "42": {
        "KL divergence": 0.1820453091705462,
        "MSE": 0.12375200000000001,
        "MSE_argmax": 0.2249504
    }
}