{
    "L2": {
        "mean": 0.034584184431162714,
        "std": 0.0070816604300439085
    },
    "num_multinomials": 4000.0
}