{
    "1": {
        "KL divergence": 0.152948123343123,
        "Perplexity": 0.5363145470619202
    },
    "2": {
        "KL divergence": 0.16039235396064733,
        "Perplexity": 0.5704062581062317
    },
    "3": {
        "KL divergence": 0.15889489367580556,
        "Perplexity": 0.5587173700332642
    },
    "42": {
        "KL divergence": 0.16665988458865122,
        "Perplexity": 0.5535226464271545
    }
}