{
    "1": {
        "KL divergence": 0.1989403876344734,
        "MSE": 0.021654399999999997,
        "MSE_argmax": 0.0100352
    },
    "2": {
        "KL divergence": 0.19304515371670394,
        "MSE": 0.019479999999999997,
        "MSE_argmax": 0.0099376
    },
    "3": {
        "KL divergence": 0.1959692293660782,
        "MSE": 0.0186704,
        "MSE_argmax": 0.010302399999999998
    },
    "42": {
        "KL divergence": 0.19351255291111377,
        "MSE": 0.0206432,
        "MSE_argmax": 0.0114496
    }
}