{
    "L2": {
        "mean": 0.035370734223046346,
        "std": 0.0009563051656217679
    },
    "num_multinomials": 4000.0
}