{
    "1": {
        "KL divergence": 0.23148763318671498,
        "Perplexity": 0.5840367674827576
    },
    "2": {
        "KL divergence": 0.28410447315423754,
        "Perplexity": 0.6614021062850952
    },
    "3": {
        "KL divergence": 0.28189875828893907,
        "Perplexity": 0.6425864696502686
    },
    "42": {
        "KL divergence": 0.23160559351234825,
        "Perplexity": 0.6052338480949402
    }
}