{
    "1": {
        "KL divergence": 0.12334703409666603,
        "Perplexity": 0.5222538709640503
    },
    "2": {
        "KL divergence": 0.13012982948712493,
        "Perplexity": 0.5519241690635681
    },
    "3": {
        "KL divergence": 0.13546115805040848,
        "Perplexity": 0.5586629509925842
    },
    "42": {
        "KL divergence": 0.13151282920342772,
        "Perplexity": 0.5344500541687012
    }
}