{
    "1": {
        "KL divergence": 0.1324959528548604,
        "MSE": 0.125744,
        "MSE_argmax": 0.22674880000000003
    },
    "2": {
        "KL divergence": 0.1462688219401892,
        "MSE": 0.11769760000000001,
        "MSE_argmax": 0.208016
    },
    "3": {
        "KL divergence": 0.1317760982361364,
        "MSE": 0.1267488,
        "MSE_argmax": 0.21635520000000003
    },
    "42": {
        "KL divergence": 0.1517564183961894,
        "MSE": 0.12228480000000001,
        "MSE_argmax": 0.212728
    }
}