{
    "1": {
        "KL divergence": 0.1324959528548604,
        "MSE": 0.2267488
    },
    "2": {
        "KL divergence": 0.1462688219401892,
        "MSE": 0.208016
    },
    "3": {
        "KL divergence": 0.1317760982361364,
        "MSE": 0.2163552
    },
    "42": {
        "KL divergence": 0.1517564183961894,
        "MSE": 0.212728
    }
}