{
    "L2": {
        "mean": 0.03530476444182713,
        "std": 0.0071339045499229335
    },
    "num_multinomials": 4000.0
}