{
    "1": {
        "KL divergence": 0.20914002390390038,
        "MSE": 0.2670208,
        "MSE_argmax": 0.5266527999999999
    },
    "2": {
        "KL divergence": 0.20566081514679238,
        "MSE": 0.2721264,
        "MSE_argmax": 0.5295088
    },
    "3": {
        "KL divergence": 0.2352748550426435,
        "MSE": 0.27626880000000004,
        "MSE_argmax": 0.5353471999999999
    },
    "42": {
        "KL divergence": 0.24969860573929167,
        "MSE": 0.28429920000000003,
        "MSE_argmax": 0.5071728000000001
    }
}