{
    "L2": {
        "mean": 0.06686543694457472,
        "std": 0.01779653921113616
    },
    "num_multinomials": 4000.0
}