{
    "1": {
        "KL divergence": 0.0887942549213583,
        "MSE": 0.0316112,
        "MSE_argmax": 0.0361808
    },
    "2": {
        "KL divergence": 0.0875614108988026,
        "MSE": 0.0315456,
        "MSE_argmax": 0.037052800000000004
    },
    "3": {
        "KL divergence": 0.097418655299455,
        "MSE": 0.0321392,
        "MSE_argmax": 0.033904000000000004
    },
    "42": {
        "KL divergence": 0.0902827701814378,
        "MSE": 0.034632,
        "MSE_argmax": 0.0389056
    }
}