{
    "1": {
        "KL divergence": 0.0887942549213583,
        "MSE": 0.0361808
    },
    "2": {
        "KL divergence": 0.0875614108988026,
        "MSE": 0.0370528
    },
    "3": {
        "KL divergence": 0.097418655299455,
        "MSE": 0.033904
    },
    "42": {
        "KL divergence": 0.0902827701814378,
        "MSE": 0.0389056
    }
}