{
    "L2": {
        "mean": 0.034200183288449176,
        "std": 0.010103086612080696
    },
    "num_multinomials": 4000.0
}