{
    "1": {
        "KL divergence": 0.1003861823077536,
        "Perplexity": 0.5121397972106934
    },
    "2": {
        "KL divergence": 0.1026050186238667,
        "Perplexity": 0.5368192791938782
    },
    "3": {
        "KL divergence": 0.09904731589270284,
        "Perplexity": 0.539007842540741
    },
    "42": {
        "KL divergence": 0.10913821886523221,
        "Perplexity": 0.5213545560836792
    }
}