{
    "1": {
        "KL divergence": 0.37348524754311213,
        "Perplexity": 0.9976120591163635
    },
    "2": {
        "KL divergence": 0.3653842514766373,
        "Perplexity": 1.012636423110962
    },
    "3": {
        "KL divergence": 0.37020768910988183,
        "Perplexity": 0.9979617595672607
    },
    "42": {
        "KL divergence": 0.3709790770286422,
        "Perplexity": 1.0091761350631714
    }
}