{
    "1": {
        "KL divergence": 0.03226000107447098,
        "Perplexity": 0.4077285826206207
    },
    "2": {
        "KL divergence": 0.025506912090721957,
        "Perplexity": 0.4045044779777527
    },
    "3": {
        "KL divergence": 0.03420417309280592,
        "Perplexity": 0.4191332757472992
    },
    "42": {
        "KL divergence": 0.0300408093218229,
        "Perplexity": 0.4446192681789398
    }
}