{
    "1": {
        "KL divergence": 0.2033252431491534,
        "MSE": 0.018615999999999997,
        "MSE_argmax": 0.0101536
    },
    "2": {
        "KL divergence": 0.1964111603370938,
        "MSE": 0.017544,
        "MSE_argmax": 0.010075200000000001
    },
    "3": {
        "KL divergence": 0.1932575326781498,
        "MSE": 0.020395199999999995,
        "MSE_argmax": 0.0101536
    },
    "42": {
        "KL divergence": 0.195635111329734,
        "MSE": 0.0197616,
        "MSE_argmax": 0.011587199999999999
    }
}