{
    "1": {
        "KL divergence": 0.2033252431491534,
        "MSE": 0.0101536
    },
    "2": {
        "KL divergence": 0.1964111603370938,
        "MSE": 0.0100752
    },
    "3": {
        "KL divergence": 0.1932575326781498,
        "MSE": 0.0101536
    },
    "42": {
        "KL divergence": 0.195635111329734,
        "MSE": 0.0115872
    }
}