{
    "L2": {
        "mean": 0.03539057615705448,
        "std": 0.0011704569636624283
    },
    "num_multinomials": 4000.0
}