{
    "1": {
        "KL divergence": 0.18128241584060664,
        "MSE": 0.12502720000000003,
        "MSE_argmax": 0.22401280000000004
    },
    "2": {
        "KL divergence": 0.19036212558388907,
        "MSE": 0.11764640000000001,
        "MSE_argmax": 0.19881280000000004
    },
    "3": {
        "KL divergence": 0.18574823502152385,
        "MSE": 0.12876959999999998,
        "MSE_argmax": 0.2308976
    },
    "42": {
        "KL divergence": 0.21835774215629639,
        "MSE": 0.12187360000000001,
        "MSE_argmax": 0.20513760000000003
    }
}