{
    "L2": {
        "mean": 0.02691863610787185,
        "std": 0.004859669007002769
    },
    "num_multinomials": 4000.0
}