{
    "1": {
        "KL divergence": 0.14423871738756902,
        "MSE": 0.012835199999999996,
        "MSE_argmax": 0.0120928
    },
    "2": {
        "KL divergence": 0.07838005665041797,
        "MSE": 0.0110144,
        "MSE_argmax": 0.010664000000000002
    },
    "3": {
        "KL divergence": 0.0685359294519134,
        "MSE": 0.011406399999999999,
        "MSE_argmax": 0.011248
    },
    "42": {
        "KL divergence": 0.10768067844518468,
        "MSE": 0.013534400000000002,
        "MSE_argmax": 0.013654399999999999
    }
}