{
    "L2": {
        "mean": 0.057058953910366514,
        "std": 0.011645145752054567
    },
    "num_multinomials": 4000.0
}