{
    "1": {
        "KL divergence": 0.16377055662799017,
        "MSE": 0.12319200000000001,
        "MSE_argmax": 0.23052320000000004
    },
    "2": {
        "KL divergence": 0.22992176328480016,
        "MSE": 0.1181504,
        "MSE_argmax": 0.1989248
    },
    "3": {
        "KL divergence": 0.2745937086793948,
        "MSE": 0.1325088,
        "MSE_argmax": 0.23350240000000003
    },
    "42": {
        "KL divergence": 0.22120395241581559,
        "MSE": 0.12232000000000001,
        "MSE_argmax": 0.20570560000000002
    }
}