{
    "L2": {
        "mean": 0.04159689333632728,
        "std": 0.009458529558504536
    },
    "num_multinomials": 4000.0
}