{
    "1": {
        "KL divergence": 0.17538160628556523,
        "MSE": 0.26737760000000005,
        "MSE_argmax": 0.5271952
    },
    "2": {
        "KL divergence": 0.1617644320945892,
        "MSE": 0.2721504,
        "MSE_argmax": 0.5314864
    },
    "3": {
        "KL divergence": 0.17993921874669236,
        "MSE": 0.2765264,
        "MSE_argmax": 0.5580864
    },
    "42": {
        "KL divergence": 0.18998119432442115,
        "MSE": 0.28830560000000005,
        "MSE_argmax": 0.5469184
    }
}