{
    "L2": {
        "mean": 0.09518283383036055,
        "std": 0.030248864940686956
    },
    "num_multinomials": 4000.0
}