{
    "1": {
        "KL divergence": 0.07407410476176356,
        "Perplexity": 0.7216911315917969
    },
    "2": {
        "KL divergence": 0.07177196271886725,
        "Perplexity": 0.7536518573760986
    },
    "3": {
        "KL divergence": 0.06931193189202844,
        "Perplexity": 0.7216616868972778
    },
    "42": {
        "KL divergence": 0.07356143493425554,
        "Perplexity": 0.7502338290214539
    }
}