{
    "42": {
        "KL divergence": 0.2408960673074311,
        "MSE": 0.285048,
        "MSE_argmax": 0.5236992
    }
}