{
    "1": {
        "KL divergence": 0.1762520269812847,
        "MSE": 0.1261136,
        "MSE_argmax": 0.24658880000000005
    },
    "2": {
        "KL divergence": 0.1691578191531025,
        "MSE": 0.11802560000000001,
        "MSE_argmax": 0.20824800000000002
    },
    "3": {
        "KL divergence": 0.1725198082338927,
        "MSE": 0.1258176,
        "MSE_argmax": 0.2123968
    },
    "42": {
        "KL divergence": 0.1773206369214059,
        "MSE": 0.12379520000000001,
        "MSE_argmax": 0.20861120000000002
    }
}