{
    "1": {
        "KL divergence": 0.1762520269812847,
        "MSE": 0.2465888
    },
    "2": {
        "KL divergence": 0.1691578191531025,
        "MSE": 0.208248
    },
    "3": {
        "KL divergence": 0.1725198082338927,
        "MSE": 0.2123968
    },
    "42": {
        "KL divergence": 0.1773206369214059,
        "MSE": 0.2086112
    }
}