{
    "L2": {
        "mean": 0.026919083850826458,
        "std": 0.004519915017063281
    },
    "num_multinomials": 4000.0
}