{
    "1": {
        "KL divergence": 0.04199583665245886,
        "Perplexity": 0.41121581196784973
    },
    "2": {
        "KL divergence": 0.038122446633086,
        "Perplexity": 0.410873144865036
    },
    "3": {
        "KL divergence": 0.044804861928102256,
        "Perplexity": 0.4291951656341553
    },
    "42": {
        "KL divergence": 0.047936263654560454,
        "Perplexity": 0.4482869803905487
    }
}