{
    "1": {
        "KL divergence": 0.1300808956671151,
        "MSE": 0.0120032
    },
    "2": {
        "KL divergence": 0.0666851105720533,
        "MSE": 0.0105056
    },
    "3": {
        "KL divergence": 0.0891461453419091,
        "MSE": 0.0116784
    },
    "42": {
        "KL divergence": 0.1705282651821223,
        "MSE": 0.0140944
    }
}