{
    "1": {
        "KL divergence": 0.1300808956671151,
        "MSE": 0.013904,
        "MSE_argmax": 0.0120032
    },
    "2": {
        "KL divergence": 0.0666851105720533,
        "MSE": 0.011600000000000001,
        "MSE_argmax": 0.010505599999999999
    },
    "3": {
        "KL divergence": 0.0891461453419091,
        "MSE": 0.0119456,
        "MSE_argmax": 0.0116784
    },
    "42": {
        "KL divergence": 0.1705282651821223,
        "MSE": 0.015471999999999998,
        "MSE_argmax": 0.0140944
    }
}