{
    "L2": {
        "mean": 0.051229361257100085,
        "std": 0.010863801903219372
    },
    "num_multinomials": 4000.0
}