{
    "1": {
        "KL divergence": 0.03993671676100932,
        "Perplexity": 0.41249561309814453
    },
    "2": {
        "KL divergence": 0.04488312244789014,
        "Perplexity": 0.41457465291023254
    },
    "3": {
        "KL divergence": 0.04494805170105137,
        "Perplexity": 0.4287434220314026
    },
    "42": {
        "KL divergence": 0.05040818992684959,
        "Perplexity": 0.44717875123023987
    }
}