{
    "1": {
        "KL divergence": 0.5685703375902449,
        "MSE": 0.04693920000000001,
        "MSE_argmax": 0.010454399999999999
    },
    "2": {
        "KL divergence": 0.5596837478791017,
        "MSE": 0.041665600000000004,
        "MSE_argmax": 0.009831999999999997
    },
    "3": {
        "KL divergence": 0.5610594553693086,
        "MSE": 0.043692800000000004,
        "MSE_argmax": 0.0100832
    },
    "42": {
        "KL divergence": 0.5610410917985109,
        "MSE": 0.044719999999999996,
        "MSE_argmax": 0.0110928
    }
}