{
    "L2": {
        "mean": 0.016943525207760067,
        "std": 0.0002154081981828483
    },
    "num_multinomials": 4000.0
}