{
    "1": {
        "KL divergence": 0.14856902912459619,
        "MSE": 0.2676176,
        "MSE_argmax": 0.520576
    },
    "2": {
        "KL divergence": 0.19484952534309777,
        "MSE": 0.27334080000000005,
        "MSE_argmax": 0.5574368000000001
    },
    "3": {
        "KL divergence": 0.1841380212344426,
        "MSE": 0.2752368,
        "MSE_argmax": 0.5350656
    },
    "42": {
        "KL divergence": 0.16031915300452762,
        "MSE": 0.28632,
        "MSE_argmax": 0.5393504
    }
}