{
    "1": {
        "KL divergence": 0.14820821226503936,
        "MSE": 0.2658688,
        "MSE_argmax": 0.512496
    },
    "2": {
        "KL divergence": 0.14252824126933883,
        "MSE": 0.2723424,
        "MSE_argmax": 0.5300431999999999
    },
    "42": {
        "KL divergence": 0.19616063322575616,
        "MSE": 0.28498720000000005,
        "MSE_argmax": 0.5373568
    },
    "3": {
        "KL divergence": 0.16835505466042888,
        "MSE": 0.2757408,
        "MSE_argmax": 0.5534368
    }
}