{
    "L2": {
        "mean": 0.09512353955886868,
        "std": 0.028848900911678913
    },
    "num_multinomials": 4000.0
}