{
    "L2": {
        "mean": 0.09519797370225976,
        "std": 0.028502790026715314
    },
    "num_multinomials": 4000.0
}