{
    "1": {
        "KL divergence": 0.16460731134050233,
        "MSE": 0.26927999999999996,
        "MSE_argmax": 0.518912
    },
    "2": {
        "KL divergence": 0.17256428281493386,
        "MSE": 0.27460160000000006,
        "MSE_argmax": 0.5663440000000001
    },
    "3": {
        "KL divergence": 0.21874391367892623,
        "MSE": 0.27690560000000003,
        "MSE_argmax": 0.5490448000000001
    },
    "42": {
        "KL divergence": 0.17773915745240107,
        "MSE": 0.286576,
        "MSE_argmax": 0.5459552
    }
}