{
    "L2": {
        "mean": 0.08473412171454607,
        "std": 0.02378821028417891
    },
    "num_multinomials": 4000.0
}