{
    "1": {
        "KL divergence": 0.080333716241733,
        "MSE": 0.0116448,
        "MSE_argmax": 0.011590399999999999
    },
    "2": {
        "KL divergence": 0.132320946326519,
        "MSE": 0.0122688,
        "MSE_argmax": 0.012606399999999999
    },
    "3": {
        "KL divergence": 0.113888832927967,
        "MSE": 0.0126384,
        "MSE_argmax": 0.0133168
    },
    "42": {
        "KL divergence": 0.1206842294735318,
        "MSE": 0.0129408,
        "MSE_argmax": 0.0129424
    }
}