{
    "1": {
        "KL divergence": 0.080333716241733,
        "MSE": 0.0115904
    },
    "2": {
        "KL divergence": 0.132320946326519,
        "MSE": 0.0126064
    },
    "3": {
        "KL divergence": 0.113888832927967,
        "MSE": 0.0133168
    },
    "42": {
        "KL divergence": 0.1206842294735318,
        "MSE": 0.0129424
    }
}