{
    "L2": {
        "mean": 0.05637460171998714,
        "std": 0.011962746160168378
    },
    "num_multinomials": 4000.0
}