{
    "1": {
        "KL divergence": 0.1417979141240955,
        "MSE": 0.2075472
    },
    "2": {
        "KL divergence": 0.1295090313143972,
        "MSE": 0.2095392
    },
    "3": {
        "KL divergence": 0.2534168163848055,
        "MSE": 0.1936704
    },
    "42": {
        "KL divergence": 0.1599305934529053,
        "MSE": 0.2211584
    }
}