{
    "1": {
        "KL divergence": 0.1417979141240955,
        "MSE": 0.12506240000000002,
        "MSE_argmax": 0.20754720000000002
    },
    "2": {
        "KL divergence": 0.1295090313143972,
        "MSE": 0.11772,
        "MSE_argmax": 0.2095392
    },
    "3": {
        "KL divergence": 0.2534168163848055,
        "MSE": 0.12411040000000001,
        "MSE_argmax": 0.19367040000000002
    },
    "42": {
        "KL divergence": 0.1599305934529053,
        "MSE": 0.1245952,
        "MSE_argmax": 0.2211584
    }
}