{
    "L2": {
        "mean": 0.03510841797059072,
        "std": 0.007435199494748625
    },
    "num_multinomials": 4000.0
}