{
    "1": {
        "KL divergence": 0.03343297970956595,
        "Perplexity": 0.4084033668041229
    },
    "2": {
        "KL divergence": 0.029619726801495504,
        "Perplexity": 0.40885013341903687
    },
    "3": {
        "KL divergence": 0.03734556327588139,
        "Perplexity": 0.421684592962265
    },
    "42": {
        "KL divergence": 0.03599576264675692,
        "Perplexity": 0.44890978932380676
    }
}