{
    "1": {
        "KL divergence": 0.08950345597858336,
        "Perplexity": 0.7301585674285889
    },
    "2": {
        "KL divergence": 0.09574203956577747,
        "Perplexity": 0.7612624764442444
    },
    "3": {
        "KL divergence": 0.10171399253058923,
        "Perplexity": 0.722872793674469
    },
    "42": {
        "KL divergence": 0.09384984792124816,
        "Perplexity": 0.7748405337333679
    }
}