{
    "1": {
        "KL divergence": 0.1340537199865542,
        "MSE": 0.0120864
    },
    "2": {
        "KL divergence": 0.1416012954094942,
        "MSE": 0.0131008
    },
    "3": {
        "KL divergence": 0.1066047252669517,
        "MSE": 0.0120304
    },
    "42": {
        "KL divergence": 0.1412566054454764,
        "MSE": 0.0140608
    }
}