{
    "L2": {
        "mean": 0.05781287461939475,
        "std": 0.016587190073677757
    },
    "num_multinomials": 4000.0
}