{
    "1": {
        "KL divergence": 0.42656311236400485,
        "MSE": 0.2651872,
        "MSE_argmax": 0.49567999999999995
    },
    "2": {
        "KL divergence": 0.3780906454048528,
        "MSE": 0.27189440000000004,
        "MSE_argmax": 0.5218112
    },
    "3": {
        "KL divergence": 0.5115127445287292,
        "MSE": 0.271608,
        "MSE_argmax": 0.5368415999999999
    },
    "42": {
        "KL divergence": 0.4009919693974447,
        "MSE": 0.28577440000000004,
        "MSE_argmax": 0.5655552
    }
}