{
    "L2": {
        "mean": 0.06038615274738662,
        "std": 0.003760501102042649
    },
    "num_multinomials": 4000.0
}