{
    "1": {
        "KL divergence": 0.0975964065767794,
        "MSE": 0.0376336
    },
    "2": {
        "KL divergence": 0.0888951769709321,
        "MSE": 0.0359728
    },
    "3": {
        "KL divergence": 0.0934438549179618,
        "MSE": 0.03352
    },
    "42": {
        "KL divergence": 0.1059686304869204,
        "MSE": 0.0376096
    }
}