{
    "1": {
        "KL divergence": 0.0975964065767794,
        "MSE": 0.032427199999999996,
        "MSE_argmax": 0.0376336
    },
    "2": {
        "KL divergence": 0.0888951769709321,
        "MSE": 0.0314176,
        "MSE_argmax": 0.035972800000000006
    },
    "3": {
        "KL divergence": 0.0934438549179618,
        "MSE": 0.0318944,
        "MSE_argmax": 0.03352
    },
    "42": {
        "KL divergence": 0.1059686304869204,
        "MSE": 0.0340464,
        "MSE_argmax": 0.0376096
    }
}