{
    "L2": {
        "mean": 0.03539839854981125,
        "std": 0.010744567654854698
    },
    "num_multinomials": 4000.0
}