{
    "1": {
        "KL divergence": 0.02273895752575078,
        "MSE_argmax": 0.009672,
        "MSE": 0.009712
    },
    "2": {
        "KL divergence": 0.015156483128612163,
        "MSE": 0.009406399999999999,
        "MSE_argmax": 0.009392
    },
    "3": {
        "KL divergence": 0.04121404832729732,
        "MSE": 0.0110064,
        "MSE_argmax": 0.011079999999999998
    },
    "42": {
        "KL divergence": 0.02486117052850775,
        "MSE": 0.0114288,
        "MSE_argmax": 0.011460799999999998
    }
}