{
    "L2": {
        "mean": 0.06783383584284321,
        "std": 0.011925766365037987
    },
    "num_multinomials": 4000.0
}