{
    "1": {
        "KL divergence": 0.15063987511613153,
        "MSE": 0.2676752,
        "MSE_argmax": 0.5170416
    },
    "3": {
        "KL divergence": 0.19683906017203037,
        "MSE": 0.2736544,
        "MSE_argmax": 0.5114384
    },
    "42": {
        "KL divergence": 0.17292622775962013,
        "MSE": 0.2854064,
        "MSE_argmax": 0.5449535999999999
    },
    "2": {
        "KL divergence": 0.14810611105510701,
        "MSE": 0.27287520000000004,
        "MSE_argmax": 0.5442768000000001
    }
}