{
    "L2": {
        "mean": 0.09577243042008868,
        "std": 0.029361507005879996
    },
    "num_multinomials": 4000.0
}