{
    "1": {
        "KL divergence": 0.1721345961683632,
        "MSE": 0.12384,
        "MSE_argmax": 0.21580000000000002
    },
    "2": {
        "KL divergence": 0.19346267690410177,
        "MSE": 0.11659840000000003,
        "MSE_argmax": 0.193664
    },
    "3": {
        "KL divergence": 0.20681356826156344,
        "MSE": 0.1315728,
        "MSE_argmax": 0.2319536
    },
    "42": {
        "KL divergence": 0.16649387566001214,
        "MSE": 0.1210976,
        "MSE_argmax": 0.192752
    }
}