{
    "L2": {
        "mean": 0.03989855518235035,
        "std": 0.007968088768837233
    },
    "num_multinomials": 4000.0
}