{
    "1": {
        "KL divergence": 0.15649285748382327,
        "MSE": 0.12534560000000003,
        "MSE_argmax": 0.22994720000000002
    },
    "2": {
        "KL divergence": 0.1809334840761027,
        "MSE": 0.11738240000000001,
        "MSE_argmax": 0.19830240000000002
    },
    "3": {
        "KL divergence": 0.1419197516521135,
        "MSE": 0.12858080000000002,
        "MSE_argmax": 0.21876640000000003
    },
    "42": {
        "KL divergence": 0.1550074864504196,
        "MSE": 0.12173760000000002,
        "MSE_argmax": 0.2165248
    }
}