{
    "L2": {
        "mean": 0.03395518479946938,
        "std": 0.0069450700287675025
    },
    "num_multinomials": 4000.0
}