{
    "1": {
        "KL divergence": 0.8685723855813254,
        "MSE": 0.2669632,
        "MSE_argmax": 0.5603984000000001
    },
    "2": {
        "KL divergence": 0.8599356556906015,
        "MSE": 0.2730688,
        "MSE_argmax": 0.55796
    },
    "3": {
        "KL divergence": 0.8243539601390737,
        "MSE": 0.27539840000000004,
        "MSE_argmax": 0.5500271999999999
    },
    "42": {
        "KL divergence": 0.836897511407067,
        "MSE": 0.28577600000000003,
        "MSE_argmax": 0.5501520000000001
    }
}