{
    "L2": {
        "mean": 0.016160128722000032,
        "std": 0.0029944964730931572
    },
    "num_multinomials": 4000.0
}