{
    "1": {
        "KL divergence": 0.15876423562980022,
        "MSE": 0.2664688,
        "MSE_argmax": 0.5115664
    },
    "3": {
        "KL divergence": 0.1764215008979769,
        "MSE": 0.2747296,
        "MSE_argmax": 0.52812
    },
    "2": {
        "KL divergence": 0.16519346093382936,
        "MSE": 0.2743904,
        "MSE_argmax": 0.5603984000000001
    },
    "42": {
        "KL divergence": 0.18983375562811572,
        "MSE": 0.2856672,
        "MSE_argmax": 0.5224608000000001
    }
}