{
    "L2": {
        "mean": 0.08373495382556254,
        "std": 0.02407704589946715
    },
    "num_multinomials": 4000.0
}