{
    "1": {
        "KL divergence": 0.12490752859537026,
        "MSE": 0.0120272,
        "MSE_argmax": 0.0123584
    },
    "2": {
        "KL divergence": 0.16028016084089114,
        "MSE": 0.0159888,
        "MSE_argmax": 0.013236799999999998
    },
    "3": {
        "KL divergence": 0.10416792961589354,
        "MSE": 0.0128512,
        "MSE_argmax": 0.012060799999999998
    },
    "42": {
        "KL divergence": 0.08190976765089629,
        "MSE": 0.0130704,
        "MSE_argmax": 0.013211199999999998
    }
}