{
    "L2": {
        "mean": 0.05664696148249823,
        "std": 0.011478055469467549
    },
    "num_multinomials": 4000.0
}