{
    "1": {
        "KL divergence": 0.14634011121227486,
        "MSE": 0.26559520000000003,
        "MSE_argmax": 0.5251456
    },
    "3": {
        "KL divergence": 0.17271410205660118,
        "MSE": 0.27528,
        "MSE_argmax": 0.5404367999999999
    },
    "42": {
        "KL divergence": 0.17363135668941987,
        "MSE": 0.2865584,
        "MSE_argmax": 0.5556608
    },
    "2": {
        "KL divergence": 0.1429899987116976,
        "MSE": 0.27267040000000003,
        "MSE_argmax": 0.5802064
    }
}