{
    "L2": {
        "mean": 0.09298701412157141,
        "std": 0.027533358787377008
    },
    "num_multinomials": 4000.0
}