{
    "1": {
        "MSE": 0.2664320170879364
    },
    "2": {
        "MSE": 0.2726815938949585
    },
    "3": {
        "MSE": 0.2726016342639923
    },
    "42": {
        "MSE": 0.2859583795070648
    }
}