{
    "1": {
        "KL divergence": 0.014394371242680335,
        "Perplexity": 0.40189099311828613
    },
    "2": {
        "KL divergence": 0.009819575534383413,
        "Perplexity": 0.3990073502063751
    },
    "3": {
        "KL divergence": 0.012489657852849723,
        "Perplexity": 0.4108271598815918
    },
    "42": {
        "KL divergence": 0.009859488133497173,
        "Perplexity": 0.4298865795135498
    }
}