{
    "1": {
        "KL divergence": 0.10892332528874858,
        "Perplexity": 0.5163241028785706
    },
    "2": {
        "KL divergence": 0.11179388902378165,
        "Perplexity": 0.5430110692977905
    },
    "3": {
        "KL divergence": 0.12290687086762209,
        "Perplexity": 0.5569658875465393
    },
    "42": {
        "KL divergence": 0.11988390433375058,
        "Perplexity": 0.5317153334617615
    }
}