{
    "1": {
        "KL divergence": 0.1742093488209993,
        "MSE": 0.0466032
    },
    "2": {
        "KL divergence": 0.2353898690861129,
        "MSE": 0.0389951999999999
    },
    "3": {
        "KL divergence": 0.181017260214836,
        "MSE": 0.035592
    },
    "42": {
        "KL divergence": 0.1474393404768559,
        "MSE": 0.0431344
    }
}