{
    "1": {
        "KL divergence": 0.1742093488209993,
        "MSE": 0.0319904,
        "MSE_argmax": 0.046603200000000004
    },
    "2": {
        "KL divergence": 0.2353898690861129,
        "MSE": 0.030776,
        "MSE_argmax": 0.038995199999999994
    },
    "3": {
        "KL divergence": 0.181017260214836,
        "MSE": 0.030976000000000004,
        "MSE_argmax": 0.035592000000000006
    },
    "42": {
        "KL divergence": 0.1474393404768559,
        "MSE": 0.032278400000000006,
        "MSE_argmax": 0.043134399999999996
    }
}