{
    "L2": {
        "mean": 0.07782060032976741,
        "std": 0.040845675039553976
    },
    "num_multinomials": 4000.0
}