{
    "1": {
        "KL divergence": 0.1051805811051876,
        "MSE": 0.0419584
    },
    "2": {
        "KL divergence": 0.0926783412739156,
        "MSE": 0.0351792
    },
    "3": {
        "KL divergence": 0.1164339811418654,
        "MSE": 0.035056
    },
    "42": {
        "KL divergence": 0.0922807285208632,
        "MSE": 0.0345008
    }
}