{
    "L2": {
        "mean": 0.041219897188802646,
        "std": 0.01409109357725081
    },
    "num_multinomials": 4000.0
}