{
    "1": {
        "KL divergence": 0.04140441200522236,
        "Perplexity": 0.41512683033943176
    },
    "2": {
        "KL divergence": 0.03804908826443437,
        "Perplexity": 0.4122236669063568
    },
    "3": {
        "KL divergence": 0.0389506635876476,
        "Perplexity": 0.4240938723087311
    },
    "42": {
        "KL divergence": 0.050419059318183336,
        "Perplexity": 0.4553605616092682
    }
}