{
    "1": {
        "KL divergence": 0.562912072144082,
        "Perplexity": 0.7106100916862488
    },
    "2": {
        "KL divergence": 0.5573495794181808,
        "Perplexity": 0.7097083330154419
    },
    "3": {
        "KL divergence": 0.5590530144376313,
        "Perplexity": 0.7125868797302246
    },
    "42": {
        "KL divergence": 0.5584041100894703,
        "Perplexity": 0.7167130708694458
    }
}