{
    "1": {
        "KL divergence": 0.19326784179947062,
        "MSE": 0.2672256,
        "MSE_argmax": 0.5223328
    },
    "3": {
        "KL divergence": 0.21082712862944625,
        "MSE": 0.27425760000000005,
        "MSE_argmax": 0.5246624
    },
    "42": {
        "KL divergence": 0.19056581870667452,
        "MSE": 0.286048,
        "MSE_argmax": 0.5273968
    },
    "2": {
        "KL divergence": 0.17107931878364918,
        "MSE": 0.27201600000000004,
        "MSE_argmax": 0.5240528000000001
    }
}