{
    "L2": {
        "mean": 0.07649200151866946,
        "std": 0.02140399174173171
    },
    "num_multinomials": 4000.0
}