{
    "1": {
        "KL divergence": 0.1618313013550583,
        "MSE": 0.013531199999999998,
        "MSE_argmax": 0.0151072
    },
    "2": {
        "KL divergence": 0.1169252621931762,
        "MSE": 0.011392000000000001,
        "MSE_argmax": 0.0124416
    },
    "3": {
        "KL divergence": 0.088356410675156,
        "MSE": 0.0112272,
        "MSE_argmax": 0.0121312
    },
    "42": {
        "KL divergence": 0.0828309476515584,
        "MSE": 0.0121536,
        "MSE_argmax": 0.012768
    }
}