{
    "L2": {
        "mean": 0.059134113248166656,
        "std": 0.014835115306186043
    },
    "num_multinomials": 4000.0
}