{
    "1": {
        "KL divergence": 0.0838479202894528,
        "MSE": 0.012627200000000002,
        "MSE_argmax": 0.010904000000000002
    },
    "2": {
        "KL divergence": 0.07151041992055943,
        "MSE": 0.0124464,
        "MSE_argmax": 0.0104304
    },
    "3": {
        "KL divergence": 0.08549165407567583,
        "MSE": 0.012728000000000001,
        "MSE_argmax": 0.0107856
    },
    "42": {
        "KL divergence": 0.10529210836982796,
        "MSE": 0.0133872,
        "MSE_argmax": 0.0126304
    }
}