{
    "L2": {
        "mean": 0.05396235415934315,
        "std": 0.008109144437846895
    },
    "num_multinomials": 4000.0
}