{
    "1": {
        "KL divergence": 0.0388070094208068,
        "Perplexity": 0.41092848777770996
    },
    "2": {
        "KL divergence": 0.0265396762844035,
        "Perplexity": 0.4065515100955963
    },
    "3": {
        "KL divergence": 0.038024032701872046,
        "Perplexity": 0.4219655692577362
    },
    "42": {
        "KL divergence": 0.03275008118731988,
        "Perplexity": 0.44207584857940674
    }
}