{
    "1": {
        "KL divergence": 0.16297022033608036,
        "MSE": 0.26748160000000004,
        "MSE_argmax": 0.5365696000000001
    },
    "2": {
        "KL divergence": 0.14103440049526458,
        "MSE": 0.27136800000000005,
        "MSE_argmax": 0.5254912
    },
    "42": {
        "KL divergence": 0.19030613311969166,
        "MSE": 0.28662560000000004,
        "MSE_argmax": 0.5390111999999999
    },
    "3": {
        "KL divergence": 0.17012073915801482,
        "MSE": 0.27547200000000005,
        "MSE_argmax": 0.5585888
    }
}