{
    "1": {
        "KL divergence": 0.14849129908451056,
        "MSE": 0.2665808,
        "MSE_argmax": 0.5238672
    },
    "2": {
        "KL divergence": 0.16513167476291785,
        "MSE": 0.2723072,
        "MSE_argmax": 0.5578176000000001
    },
    "3": {
        "KL divergence": 0.20830564498407564,
        "MSE": 0.2744672,
        "MSE_argmax": 0.5450064
    },
    "42": {
        "KL divergence": 0.19577699067490942,
        "MSE": 0.28535840000000007,
        "MSE_argmax": 0.500936
    }
}