{
    "L2": {
        "mean": 0.0888889800376796,
        "std": 0.026507739389651796
    },
    "num_multinomials": 4000.0
}