{
    "L2": {
        "mean": 0.09042092112129362,
        "std": 0.027077991421986535
    },
    "num_multinomials": 4000.0
}