{
    "1": {
        "KL divergence": 0.20704546662944126,
        "MSE": 0.1250528,
        "MSE_argmax": 0.23297760000000003
    },
    "2": {
        "KL divergence": 0.18528123942462696,
        "MSE": 0.11711360000000003,
        "MSE_argmax": 0.203656
    },
    "3": {
        "KL divergence": 0.16270135846811484,
        "MSE": 0.1305504,
        "MSE_argmax": 0.25873440000000003
    },
    "42": {
        "KL divergence": 0.23544067480973063,
        "MSE": 0.12209600000000001,
        "MSE_argmax": 0.2016928
    }
}