{
    "L2": {
        "mean": 0.026738098169640328,
        "std": 0.004557539735699066
    },
    "num_multinomials": 4000.0
}