{
    "1": {
        "KL divergence": 0.06500602277509704,
        "Perplexity": 0.7126238346099854
    },
    "2": {
        "KL divergence": 0.06665356774277673,
        "Perplexity": 0.7472373247146606
    },
    "3": {
        "KL divergence": 0.06451728383799304,
        "Perplexity": 0.7293379306793213
    },
    "42": {
        "KL divergence": 0.06392095261129191,
        "Perplexity": 0.7465178966522217
    }
}