{
    "1": {
        "KL divergence": 0.3843172773052112,
        "Perplexity": 1.0172111988067627
    },
    "2": {
        "KL divergence": 0.3704436010043206,
        "Perplexity": 1.0148087739944458
    },
    "3": {
        "KL divergence": 0.3757032198440062,
        "Perplexity": 1.0081311464309692
    },
    "42": {
        "KL divergence": 0.3750926213662206,
        "Perplexity": 1.0118165016174316
    }
}