{
    "1": {
        "KL divergence": 0.10388125781649189,
        "Perplexity": 0.7495982050895691
    },
    "2": {
        "KL divergence": 0.097044548900119,
        "Perplexity": 0.7742748856544495
    },
    "3": {
        "KL divergence": 0.09469439780389843,
        "Perplexity": 0.7260048985481262
    },
    "42": {
        "KL divergence": 0.08832479951249443,
        "Perplexity": 0.7545463442802429
    }
}