{
    "1": {
        "KL divergence": 0.12034035184573721,
        "MSE": 0.12415360000000002,
        "MSE_argmax": 0.2205168
    },
    "2": {
        "KL divergence": 0.12426296578595776,
        "MSE": 0.1168768,
        "MSE_argmax": 0.20073920000000003
    },
    "3": {
        "KL divergence": 0.24505878550118357,
        "MSE": 0.1272048,
        "MSE_argmax": 0.2026048
    },
    "42": {
        "KL divergence": 0.21459811324021583,
        "MSE": 0.1269808,
        "MSE_argmax": 0.2286816
    }
}