{
    "L2": {
        "mean": 0.03401254097021132,
        "std": 0.007330062890876553
    },
    "num_multinomials": 4000.0
}