{
    "1": {
        "KL divergence": 0.1450470940927106,
        "MSE": 0.014041600000000001,
        "MSE_argmax": 0.0131216
    },
    "2": {
        "KL divergence": 0.05706479698094994,
        "MSE": 0.010864,
        "MSE_argmax": 0.009955199999999999
    },
    "3": {
        "KL divergence": 0.07662220583239332,
        "MSE": 0.0119696,
        "MSE_argmax": 0.010947199999999999
    },
    "42": {
        "KL divergence": 0.10727247068726296,
        "MSE": 0.013184000000000001,
        "MSE_argmax": 0.012976
    }
}