{
    "L2": {
        "mean": 0.055291224589237485,
        "std": 0.009592535846736824
    },
    "num_multinomials": 4000.0
}