{
    "1": {
        "KL divergence": 0.10803266667595338,
        "Perplexity": 0.5185264945030212
    },
    "2": {
        "KL divergence": 0.10095792892992049,
        "Perplexity": 0.5293022990226746
    },
    "3": {
        "KL divergence": 0.11658573887715008,
        "Perplexity": 0.542550802230835
    },
    "42": {
        "KL divergence": 0.1126457236130965,
        "Perplexity": 0.5275631546974182
    }
}