{
    "1": {
        "KL divergence": 0.1053489741938121,
        "MSE": 0.013313600000000002,
        "MSE_argmax": 0.011819200000000002
    },
    "2": {
        "KL divergence": 0.1419479905101314,
        "MSE": 0.0132608,
        "MSE_argmax": 0.0115792
    },
    "3": {
        "KL divergence": 0.0915536640390282,
        "MSE": 0.013016,
        "MSE_argmax": 0.010758399999999998
    },
    "42": {
        "KL divergence": 0.0746950965092458,
        "MSE": 0.013304000000000002,
        "MSE_argmax": 0.0115296
    }
}