{
    "1": {
        "KL divergence": 0.1053489741938121,
        "MSE": 0.0118192
    },
    "2": {
        "KL divergence": 0.1419479905101314,
        "MSE": 0.0115792
    },
    "3": {
        "KL divergence": 0.0915536640390282,
        "MSE": 0.0107583999999999
    },
    "42": {
        "KL divergence": 0.0746950965092458,
        "MSE": 0.0115296
    }
}