{
    "L2": {
        "mean": 0.0509712336985681,
        "std": 0.008173837826595124
    },
    "num_multinomials": 4000.0
}