{
    "1": {
        "KL divergence": 0.5497232041204346,
        "MSE": 0.2664576,
        "MSE_argmax": 0.5412272
    },
    "2": {
        "KL divergence": 0.5482857784188898,
        "MSE": 0.27347520000000003,
        "MSE_argmax": 0.5400064000000001
    },
    "3": {
        "KL divergence": 0.5377316327027861,
        "MSE": 0.2757152,
        "MSE_argmax": 0.5804304
    },
    "42": {
        "KL divergence": 0.5761581540342159,
        "MSE": 0.28346879999999997,
        "MSE_argmax": 0.5063104
    }
}