{
    "1": {
        "KL divergence": 0.5446363293381863,
        "MSE": 0.26660480000000003,
        "MSE_argmax": 0.5345616
    },
    "2": {
        "KL divergence": 0.5379361676483936,
        "MSE": 0.27352319999999997,
        "MSE_argmax": 0.5560463999999999
    },
    "3": {
        "KL divergence": 0.5451096006733779,
        "MSE": 0.2731024,
        "MSE_argmax": 0.5252591999999999
    },
    "42": {
        "KL divergence": 0.5468793042855663,
        "MSE": 0.28574400000000005,
        "MSE_argmax": 0.5553184
    }
}