{
    "L2": {
        "mean": 0.029135880068059977,
        "std": 0.005881145178789834
    },
    "num_multinomials": 4000.0
}