{
    "L2": {
        "mean": 0.028940353081232318,
        "std": 0.0060527340376355125
    },
    "num_multinomials": 4000.0
}