{
    "1": {
        "KL divergence": 0.18928582812640013,
        "MSE": 0.265768,
        "MSE_argmax": 0.5138704000000001
    },
    "3": {
        "KL divergence": 0.18943705437699526,
        "MSE": 0.27392800000000006,
        "MSE_argmax": 0.5555440000000001
    },
    "2": {
        "KL divergence": 0.1668864261088441,
        "MSE": 0.27183520000000005,
        "MSE_argmax": 0.551176
    },
    "42": {
        "KL divergence": 0.2154141675743786,
        "MSE": 0.28846400000000005,
        "MSE_argmax": 0.5106624
    }
}