{
    "L2": {
        "mean": 0.07651607806381099,
        "std": 0.021259241105806258
    },
    "num_multinomials": 4000.0
}