{
    "1": {
        "KL divergence": 0.8412782772121777,
        "Perplexity": 1.092708945274353
    },
    "2": {
        "KL divergence": 0.8209921525598873,
        "Perplexity": 1.1033015251159668
    },
    "3": {
        "KL divergence": 0.8284749422264966,
        "Perplexity": 1.1025757789611816
    },
    "42": {
        "KL divergence": 0.8253323644867535,
        "Perplexity": 1.0892060995101929
    }
}