{
    "1": {
        "KL divergence": 0.2536568254768785,
        "MSE": 0.12055360000000001,
        "MSE_argmax": 0.20459039999999998
    },
    "2": {
        "KL divergence": 0.17974104372519834,
        "MSE": 0.11744960000000002,
        "MSE_argmax": 0.1979456
    },
    "3": {
        "KL divergence": 0.15277777793501127,
        "MSE": 0.125696,
        "MSE_argmax": 0.20285440000000002
    },
    "42": {
        "KL divergence": 0.27900897678373,
        "MSE": 0.12168000000000002,
        "MSE_argmax": 0.20820480000000002
    }
}