{
    "L2": {
        "mean": 0.030291863285756473,
        "std": 0.006815564147798691
    },
    "num_multinomials": 4000.0
}