{
    "1": {
        "KL divergence": 0.17874920375415743,
        "MSE": 0.1232208,
        "MSE_argmax": 0.20185760000000003
    },
    "2": {
        "KL divergence": 0.22992244552055638,
        "MSE": 0.11944800000000001,
        "MSE_argmax": 0.2088944
    },
    "3": {
        "KL divergence": 0.1640681421345722,
        "MSE": 0.12764160000000002,
        "MSE_argmax": 0.21565120000000002
    },
    "42": {
        "KL divergence": 0.18059183956929392,
        "MSE": 0.12276000000000002,
        "MSE_argmax": 0.2325808
    }
}