{
    "L2": {
        "mean": 0.03583448623634628,
        "std": 0.007131355120904098
    },
    "num_multinomials": 4000.0
}