{
    "1": {
        "KL divergence": 0.1680601042087693,
        "MSE": 0.2130816
    },
    "2": {
        "KL divergence": 0.1735456309004434,
        "MSE": 0.1997296
    },
    "3": {
        "KL divergence": 0.1838010667358615,
        "MSE": 0.2062432
    },
    "42": {
        "KL divergence": 0.2567492989963861,
        "MSE": 0.2151328
    }
}