{
    "1": {
        "KL divergence": 0.1680601042087693,
        "MSE": 0.1238272,
        "MSE_argmax": 0.21308160000000004
    },
    "2": {
        "KL divergence": 0.1735456309004434,
        "MSE": 0.11631200000000001,
        "MSE_argmax": 0.1997296
    },
    "3": {
        "KL divergence": 0.1838010667358615,
        "MSE": 0.1273472,
        "MSE_argmax": 0.20624320000000002
    },
    "42": {
        "KL divergence": 0.2567492989963861,
        "MSE": 0.1217792,
        "MSE_argmax": 0.21513280000000004
    }
}