{
    "L2": {
        "mean": 0.03899521998097361,
        "std": 0.008152813220711848
    },
    "num_multinomials": 4000.0
}