{
    "1": {
        "KL divergence": 0.2202956324490183,
        "MSE": 0.2267536
    },
    "2": {
        "KL divergence": 0.2316038323313186,
        "MSE": 0.2239376
    },
    "3": {
        "KL divergence": 0.2143363879361923,
        "MSE": 0.2183424
    },
    "42": {
        "KL divergence": 0.2840719256609644,
        "MSE": 0.225792
    }
}