{
    "1": {
        "KL divergence": 0.2202956324490183,
        "MSE": 0.1271712,
        "MSE_argmax": 0.2267536
    },
    "2": {
        "KL divergence": 0.2316038323313186,
        "MSE": 0.1202544,
        "MSE_argmax": 0.22393760000000004
    },
    "3": {
        "KL divergence": 0.2143363879361923,
        "MSE": 0.13000319999999999,
        "MSE_argmax": 0.2183424
    },
    "42": {
        "KL divergence": 0.2840719256609644,
        "MSE": 0.1284048,
        "MSE_argmax": 0.22579200000000002
    }
}