{
    "L2": {
        "mean": 0.06797635978298794,
        "std": 0.02236608648329519
    },
    "num_multinomials": 4000.0
}