{
    "1": {
        "KL divergence": 0.1404535342557512,
        "MSE": 0.0129984
    },
    "2": {
        "KL divergence": 0.070548430367089,
        "MSE": 0.0100016
    },
    "3": {
        "KL divergence": 0.1363264554038022,
        "MSE": 0.0119856
    },
    "42": {
        "KL divergence": 0.0543756306622553,
        "MSE": 0.0116656
    }
}