{
    "1": {
        "KL divergence": 0.1404535342557512,
        "MSE": 0.0144896,
        "MSE_argmax": 0.0129984
    },
    "2": {
        "KL divergence": 0.070548430367089,
        "MSE": 0.011275199999999999,
        "MSE_argmax": 0.0100016
    },
    "3": {
        "KL divergence": 0.1363264554038022,
        "MSE": 0.012252799999999998,
        "MSE_argmax": 0.011985599999999999
    },
    "42": {
        "KL divergence": 0.0543756306622553,
        "MSE": 0.012963200000000001,
        "MSE_argmax": 0.0116656
    }
}