{
    "L2": {
        "mean": 0.05347638322524561,
        "std": 0.010130144000610977
    },
    "num_multinomials": 4000.0
}