{
    "1": {
        "KL divergence": 0.09643632315984152,
        "Perplexity": 0.7470158934593201
    },
    "2": {
        "KL divergence": 0.09245982242136068,
        "Perplexity": 0.7620490193367004
    },
    "3": {
        "KL divergence": 0.09083798872513509,
        "Perplexity": 0.7327433824539185
    },
    "42": {
        "KL divergence": 0.09766200700320221,
        "Perplexity": 0.7621092796325684
    }
}