{
    "1": {
        "KL divergence": 0.0945361834662298,
        "MSE": 0.009875199999999999,
        "MSE_argmax": 0.011411200000000002
    },
    "2": {
        "KL divergence": 0.1503709267439707,
        "MSE": 0.009707200000000001,
        "MSE_argmax": 0.011300799999999998
    },
    "3": {
        "KL divergence": 0.15417389098661596,
        "MSE": 0.0099952,
        "MSE_argmax": 0.012168
    },
    "42": {
        "KL divergence": 0.11513323294207453,
        "MSE": 0.0115168,
        "MSE_argmax": 0.0136128
    }
}