{
    "L2": {
        "mean": 0.11347816541137899,
        "std": 0.045062350782255345
    },
    "num_multinomials": 4000.0
}