{
    "1": {
        "KL divergence": 0.1232629088681319,
        "MSE": 0.0366592
    },
    "2": {
        "KL divergence": 0.113668806691947,
        "MSE": 0.0366016
    },
    "3": {
        "KL divergence": 0.1036577292705205,
        "MSE": 0.0352784
    },
    "42": {
        "KL divergence": 0.1063652563942381,
        "MSE": 0.03684
    }
}