{
    "1": {
        "KL divergence": 0.1232629088681319,
        "MSE": 0.033400000000000006,
        "MSE_argmax": 0.036659199999999996
    },
    "2": {
        "KL divergence": 0.113668806691947,
        "MSE": 0.031059200000000006,
        "MSE_argmax": 0.036601600000000005
    },
    "3": {
        "KL divergence": 0.1036577292705205,
        "MSE": 0.0316528,
        "MSE_argmax": 0.0352784
    },
    "42": {
        "KL divergence": 0.1063652563942381,
        "MSE": 0.0335232,
        "MSE_argmax": 0.036840000000000005
    }
}