{
    "L2": {
        "mean": 0.03969909633665688,
        "std": 0.01364933047607327
    },
    "num_multinomials": 4000.0
}