{
    "1": {
        "KL divergence": 0.4054315691479314,
        "MSE": 0.1998192
    },
    "2": {
        "KL divergence": 0.3766004268010009,
        "MSE": 0.1990848
    },
    "3": {
        "KL divergence": 0.3813125743881883,
        "MSE": 0.219864
    },
    "42": {
        "KL divergence": 0.3909739299111959,
        "MSE": 0.2113104
    }
}