{
    "1": {
        "KL divergence": 0.4054315691479314,
        "MSE": 0.12908640000000002,
        "MSE_argmax": 0.19981920000000003
    },
    "2": {
        "KL divergence": 0.3766004268010009,
        "MSE": 0.12251520000000002,
        "MSE_argmax": 0.19908480000000003
    },
    "3": {
        "KL divergence": 0.3813125743881883,
        "MSE": 0.13101440000000003,
        "MSE_argmax": 0.21986400000000003
    },
    "42": {
        "KL divergence": 0.3909739299111959,
        "MSE": 0.12822399999999998,
        "MSE_argmax": 0.2113104
    }
}