{
    "L2": {
        "mean": 0.01535384980013405,
        "std": 0.0022622243448184145
    },
    "num_multinomials": 4000.0
}