{
    "1": {
        "KL divergence": 0.01926088636001715,
        "Perplexity": 0.6857214570045471
    },
    "2": {
        "KL divergence": 0.01829095098728594,
        "Perplexity": 0.7086040377616882
    },
    "3": {
        "KL divergence": 0.01610535928576888,
        "Perplexity": 0.693418562412262
    },
    "42": {
        "KL divergence": 0.018024502572090262,
        "Perplexity": 0.7182749509811401
    }
}