{
    "1": {
        "KL divergence": 0.25399029416313407,
        "MSE": 0.1248144,
        "MSE_argmax": 0.20296000000000003
    },
    "2": {
        "KL divergence": 0.20213731525979392,
        "MSE": 0.11860320000000002,
        "MSE_argmax": 0.20772320000000002
    },
    "3": {
        "KL divergence": 0.20979919615279066,
        "MSE": 0.126456,
        "MSE_argmax": 0.21674880000000002
    },
    "42": {
        "KL divergence": 0.14270026493444213,
        "MSE": 0.12529600000000002,
        "MSE_argmax": 0.23706560000000002
    }
}