{
    "L2": {
        "mean": 0.041868744693296295,
        "std": 0.008864351257344864
    },
    "num_multinomials": 4000.0
}