{
    "1": {
        "KL divergence": 0.1519916181656468,
        "MSE": 0.2665136,
        "MSE_argmax": 0.5271343999999999
    },
    "2": {
        "KL divergence": 0.14125924079518945,
        "MSE": 0.2721504,
        "MSE_argmax": 0.5433296
    },
    "3": {
        "KL divergence": 0.20698791813084666,
        "MSE": 0.2759712000000001,
        "MSE_argmax": 0.5571408
    },
    "42": {
        "KL divergence": 0.18201705860590006,
        "MSE": 0.2861888,
        "MSE_argmax": 0.53452
    }
}