{
    "L2": {
        "mean": 0.09223655665846155,
        "std": 0.03040181913907042
    },
    "num_multinomials": 4000.0
}