{
    "1": {
        "KL divergence": 0.0855878417735631,
        "MSE": 0.0113952
    },
    "2": {
        "KL divergence": 0.1438313545238116,
        "MSE": 0.0117392
    },
    "3": {
        "KL divergence": 0.0609246206601738,
        "MSE": 0.010664
    },
    "42": {
        "KL divergence": 0.1007014944739965,
        "MSE": 0.01268
    }
}