{
    "1": {
        "KL divergence": 0.0855878417735631,
        "MSE": 0.0120368,
        "MSE_argmax": 0.011395200000000003
    },
    "2": {
        "KL divergence": 0.1438313545238116,
        "MSE": 0.012776,
        "MSE_argmax": 0.0117392
    },
    "3": {
        "KL divergence": 0.0609246206601738,
        "MSE": 0.0116816,
        "MSE_argmax": 0.010664
    },
    "42": {
        "KL divergence": 0.1007014944739965,
        "MSE": 0.012897600000000002,
        "MSE_argmax": 0.012680000000000002
    }
}