{
    "L2": {
        "mean": 0.05478587039018952,
        "std": 0.010635917342215317
    },
    "num_multinomials": 4000.0
}