{
    "1": {
        "KL divergence": 0.1058699716796566,
        "MSE": 0.012923200000000001,
        "MSE_argmax": 0.0125552
    },
    "2": {
        "KL divergence": 0.0985332418397603,
        "MSE": 0.011784,
        "MSE_argmax": 0.011343999999999998
    },
    "3": {
        "KL divergence": 0.1799413250339417,
        "MSE": 0.0145952,
        "MSE_argmax": 0.01248
    },
    "42": {
        "KL divergence": 0.1344791909973726,
        "MSE": 0.013635200000000002,
        "MSE_argmax": 0.013208000000000003
    }
}