{
    "1": {
        "KL divergence": 0.1058699716796566,
        "MSE": 0.0125552
    },
    "2": {
        "KL divergence": 0.0985332418397603,
        "MSE": 0.0113439999999999
    },
    "3": {
        "KL divergence": 0.1799413250339417,
        "MSE": 0.01248
    },
    "42": {
        "KL divergence": 0.1344791909973726,
        "MSE": 0.013208
    }
}