{
    "L2": {
        "mean": 0.05205263272267699,
        "std": 0.010593468123493962
    },
    "num_multinomials": 4000.0
}