{
    "1": {
        "KL divergence": 0.1018738320217182,
        "MSE": 0.011531200000000002,
        "MSE_argmax": 0.0116752
    },
    "2": {
        "KL divergence": 0.09595023203797896,
        "MSE": 0.0112592,
        "MSE_argmax": 0.011252799999999999
    },
    "3": {
        "KL divergence": 0.151023730516764,
        "MSE": 0.012929600000000001,
        "MSE_argmax": 0.0120672
    },
    "42": {
        "KL divergence": 0.08255590658168206,
        "MSE": 0.012963200000000001,
        "MSE_argmax": 0.013009600000000001
    }
}