{
    "L2": {
        "mean": 0.058740227724335306,
        "std": 0.011063678619898487
    },
    "num_multinomials": 4000.0
}