{
    "1": {
        "KL divergence": 0.16312592508723417,
        "MSE": 0.12480960000000002,
        "MSE_argmax": 0.2197328
    },
    "2": {
        "KL divergence": 0.13675603296296118,
        "MSE": 0.1165824,
        "MSE_argmax": 0.19671039999999998
    },
    "3": {
        "KL divergence": 0.2314360718359365,
        "MSE": 0.125848,
        "MSE_argmax": 0.2049552
    },
    "42": {
        "KL divergence": 0.1475958289353727,
        "MSE": 0.12379520000000001,
        "MSE_argmax": 0.2191808
    }
}