{
    "L2": {
        "mean": 0.03774982504247464,
        "std": 0.007382472301510687
    },
    "num_multinomials": 4000.0
}