{
    "1": {
        "KL divergence": 0.2631506269490436,
        "MSE": 0.1301808,
        "MSE_argmax": 0.23084960000000002
    },
    "2": {
        "KL divergence": 0.19787639369146154,
        "MSE": 0.1170448,
        "MSE_argmax": 0.19322399999999998
    },
    "3": {
        "KL divergence": 0.19665479035140715,
        "MSE": 0.1314992,
        "MSE_argmax": 0.23611040000000003
    },
    "42": {
        "KL divergence": 0.29618885874821527,
        "MSE": 0.12785120000000003,
        "MSE_argmax": 0.23069599999999998
    }
}