{
    "L2": {
        "mean": 0.07002049728458522,
        "std": 0.022586952167409684
    },
    "num_multinomials": 4000.0
}