{
    "1": {
        "KL divergence": 0.0839562304693002,
        "MSE": 0.0423856
    },
    "2": {
        "KL divergence": 0.1054061302386565,
        "MSE": 0.0338592
    },
    "3": {
        "KL divergence": 0.1149986449075224,
        "MSE": 0.032552
    },
    "42": {
        "KL divergence": 0.0871995565592141,
        "MSE": 0.0347776
    }
}