{
    "1": {
        "KL divergence": 0.0839562304693002,
        "MSE": 0.0352944,
        "MSE_argmax": 0.042385599999999996
    },
    "2": {
        "KL divergence": 0.1054061302386565,
        "MSE": 0.032832,
        "MSE_argmax": 0.0338592
    },
    "3": {
        "KL divergence": 0.1149986449075224,
        "MSE": 0.034537599999999995,
        "MSE_argmax": 0.032552
    },
    "42": {
        "KL divergence": 0.0871995565592141,
        "MSE": 0.03607040000000001,
        "MSE_argmax": 0.034777600000000006
    }
}