{
    "L2": {
        "mean": 0.029181135791790012,
        "std": 0.003981055809103821
    },
    "num_multinomials": 4000.0
}