{
    "1": {
        "KL divergence": 0.07580920815762576,
        "Perplexity": 0.7353823184967041
    },
    "2": {
        "KL divergence": 0.06927808371008916,
        "Perplexity": 0.7530086040496826
    },
    "3": {
        "KL divergence": 0.08845202941259811,
        "Perplexity": 0.7304273247718811
    },
    "42": {
        "KL divergence": 0.07911971396150128,
        "Perplexity": 0.751898467540741
    }
}