{
    "1": {
        "KL divergence": 0.1943333713630541,
        "MSE": 0.12177440000000002,
        "MSE_argmax": 0.2203344
    },
    "2": {
        "KL divergence": 0.1274049153359057,
        "MSE": 0.11560480000000001,
        "MSE_argmax": 0.20391520000000002
    },
    "3": {
        "KL divergence": 0.1958822846915766,
        "MSE": 0.12517440000000002,
        "MSE_argmax": 0.1989216
    },
    "42": {
        "KL divergence": 0.1580438012531393,
        "MSE": 0.122728,
        "MSE_argmax": 0.23064959999999998
    }
}