{
    "1": {
        "KL divergence": 0.1943333713630541,
        "MSE": 0.2203344
    },
    "2": {
        "KL divergence": 0.1274049153359057,
        "MSE": 0.2039152
    },
    "3": {
        "KL divergence": 0.1958822846915766,
        "MSE": 0.1989216
    },
    "42": {
        "KL divergence": 0.1580438012531393,
        "MSE": 0.2306496
    }
}