{
    "L2": {
        "mean": 0.04306251841216381,
        "std": 0.007799438517587892
    },
    "num_multinomials": 4000.0
}