{
    "1": {
        "KL divergence": 0.03336315056238186,
        "Perplexity": 0.40902525186538696
    },
    "2": {
        "KL divergence": 0.026211352561596044,
        "Perplexity": 0.40619736909866333
    },
    "3": {
        "KL divergence": 0.031352763114090444,
        "Perplexity": 0.4160459041595459
    },
    "42": {
        "KL divergence": 0.02782164064883547,
        "Perplexity": 0.44172239303588867
    }
}