{
    "1": {
        "KL divergence": 0.391155663105383,
        "MSE": 0.2225504
    },
    "2": {
        "KL divergence": 0.3803596728416483,
        "MSE": 0.195008
    },
    "3": {
        "KL divergence": 0.3788541874089401,
        "MSE": 0.2241888
    },
    "42": {
        "KL divergence": 0.3887049869082902,
        "MSE": 0.2067248
    }
}