{
    "1": {
        "KL divergence": 0.391155663105383,
        "MSE": 0.1290992,
        "MSE_argmax": 0.22255040000000004
    },
    "2": {
        "KL divergence": 0.3803596728416483,
        "MSE": 0.12245280000000001,
        "MSE_argmax": 0.19500800000000001
    },
    "3": {
        "KL divergence": 0.3788541874089401,
        "MSE": 0.129832,
        "MSE_argmax": 0.22418880000000002
    },
    "42": {
        "KL divergence": 0.3887049869082902,
        "MSE": 0.1278176,
        "MSE_argmax": 0.20672480000000001
    }
}