{
    "L2": {
        "mean": 0.015552876602612915,
        "std": 0.002168819399394926
    },
    "num_multinomials": 4000.0
}