{
    "1": {
        "KL divergence": 0.1965645625977857,
        "MSE": 0.02036,
        "MSE_argmax": 0.0098528
    },
    "2": {
        "KL divergence": 0.2310890115833786,
        "MSE": 0.019307199999999997,
        "MSE_argmax": 0.010980799999999999
    },
    "3": {
        "KL divergence": 0.1926671344591471,
        "MSE": 0.0212672,
        "MSE_argmax": 0.010180799999999999
    },
    "42": {
        "KL divergence": 0.2081746641627653,
        "MSE": 0.018163199999999997,
        "MSE_argmax": 0.011820800000000003
    }
}