{
    "1": {
        "KL divergence": 0.1965645625977857,
        "MSE": 0.0098528
    },
    "2": {
        "KL divergence": 0.2310890115833786,
        "MSE": 0.0109808
    },
    "3": {
        "KL divergence": 0.1926671344591471,
        "MSE": 0.0101808
    },
    "42": {
        "KL divergence": 0.2081746641627653,
        "MSE": 0.0118208
    }
}