{
    "L2": {
        "mean": 0.035097771510564875,
        "std": 0.0015567786884105558
    },
    "num_multinomials": 4000.0
}