{
    "1": {
        "KL divergence": 0.0988450480071916,
        "MSE": 0.0325216,
        "MSE_argmax": 0.0341408
    },
    "2": {
        "KL divergence": 0.0868358042819588,
        "MSE": 0.032968000000000004,
        "MSE_argmax": 0.0357552
    },
    "3": {
        "KL divergence": 0.0890135373631689,
        "MSE": 0.033382400000000007,
        "MSE_argmax": 0.03694240000000001
    },
    "42": {
        "KL divergence": 0.0822586734055576,
        "MSE": 0.0346032,
        "MSE_argmax": 0.04023360000000001
    }
}