{
    "1": {
        "KL divergence": 0.0988450480071916,
        "MSE": 0.0341408
    },
    "2": {
        "KL divergence": 0.0868358042819588,
        "MSE": 0.0357552
    },
    "3": {
        "KL divergence": 0.0890135373631689,
        "MSE": 0.0369424
    },
    "42": {
        "KL divergence": 0.0822586734055576,
        "MSE": 0.0402336
    }
}