{
    "L2": {
        "mean": 0.031174106413652054,
        "std": 0.006022206636971495
    },
    "num_multinomials": 4000.0
}