{
    "1": {
        "KL divergence": 0.3857023541896493,
        "MSE": 0.1338688,
        "MSE_argmax": 0.2376832
    },
    "2": {
        "KL divergence": 0.38939686068092133,
        "MSE": 0.12434880000000001,
        "MSE_argmax": 0.1980752
    },
    "3": {
        "KL divergence": 0.37954476166204215,
        "MSE": 0.13036160000000002,
        "MSE_argmax": 0.216032
    },
    "42": {
        "KL divergence": 0.38908734615909724,
        "MSE": 0.128664,
        "MSE_argmax": 0.21646560000000004
    }
}