{
    "L2": {
        "mean": 0.015379888008789536,
        "std": 0.0022259994547733277
    },
    "num_multinomials": 4000.0
}