{
    "1": {
        "KL divergence": 0.20411472373062844,
        "MSE": 0.12226240000000001,
        "MSE_argmax": 0.19849120000000006
    },
    "2": {
        "KL divergence": 0.18860581940051904,
        "MSE": 0.1169504,
        "MSE_argmax": 0.1925088
    },
    "3": {
        "KL divergence": 0.23497232963979645,
        "MSE": 0.126048,
        "MSE_argmax": 0.2066928
    },
    "42": {
        "KL divergence": 0.19454866201693075,
        "MSE": 0.12080960000000002,
        "MSE_argmax": 0.20705600000000002
    }
}