{
    "L2": {
        "mean": 0.0394304906946342,
        "std": 0.008583673623708047
    },
    "num_multinomials": 4000.0
}