{
    "1": {
        "KL divergence": 0.8572501896226047,
        "MSE": 0.26580800000000004,
        "MSE_argmax": 0.53432
    },
    "2": {
        "KL divergence": 0.8367333177524541,
        "MSE": 0.2727184,
        "MSE_argmax": 0.5504224
    },
    "3": {
        "KL divergence": 0.902495985289744,
        "MSE": 0.2728768000000001,
        "MSE_argmax": 0.5547344000000001
    },
    "42": {
        "KL divergence": 0.9005336035781454,
        "MSE": 0.28581120000000004,
        "MSE_argmax": 0.5079808
    }
}