{
    "L2": {
        "mean": 0.016073565810094025,
        "std": 0.003351372988444793
    },
    "num_multinomials": 4000.0
}