{
    "1": {
        "KL divergence": 0.1073594434434478,
        "MSE": 0.0348832,
        "MSE_argmax": 0.0318576
    },
    "2": {
        "KL divergence": 0.0867622752904922,
        "MSE": 0.03336320000000001,
        "MSE_argmax": 0.030193600000000004
    },
    "3": {
        "KL divergence": 0.0915725881608669,
        "MSE": 0.034027199999999994,
        "MSE_argmax": 0.0310048
    },
    "42": {
        "KL divergence": 0.1034991155859043,
        "MSE": 0.0368736,
        "MSE_argmax": 0.033534400000000006
    }
}