{
    "1": {
        "KL divergence": 0.1073594434434478,
        "MSE": 0.0318576
    },
    "2": {
        "KL divergence": 0.0867622752904922,
        "MSE": 0.0301936
    },
    "3": {
        "KL divergence": 0.0915725881608669,
        "MSE": 0.0310048
    },
    "42": {
        "KL divergence": 0.1034991155859043,
        "MSE": 0.0335344
    }
}