{
    "L2": {
        "mean": 0.028007581910084373,
        "std": 0.0029744517956637865
    },
    "num_multinomials": 4000.0
}