{
    "1": {
        "KL divergence": 0.1062849711246635,
        "MSE": 0.0339984
    },
    "2": {
        "KL divergence": 0.1022145601385349,
        "MSE": 0.0326208
    },
    "3": {
        "KL divergence": 0.1557423888029484,
        "MSE": 0.0405152
    },
    "42": {
        "KL divergence": 0.1481219616396217,
        "MSE": 0.0393504
    }
}