{
    "1": {
        "KL divergence": 0.1062849711246635,
        "MSE": 0.0317152,
        "MSE_argmax": 0.033998400000000005
    },
    "2": {
        "KL divergence": 0.1022145601385349,
        "MSE": 0.030526400000000002,
        "MSE_argmax": 0.032620800000000005
    },
    "3": {
        "KL divergence": 0.1557423888029484,
        "MSE": 0.0343968,
        "MSE_argmax": 0.0405152
    },
    "42": {
        "KL divergence": 0.1481219616396217,
        "MSE": 0.034544,
        "MSE_argmax": 0.0393504
    }
}