{
    "L2": {
        "mean": 0.04128337155622462,
        "std": 0.014960588667359496
    },
    "num_multinomials": 4000.0
}