{
    "1": {
        "KL divergence": 0.859024566756101,
        "MSE": 0.26954880000000003,
        "MSE_argmax": 0.5569200000000001
    },
    "2": {
        "KL divergence": 0.830258581298927,
        "MSE": 0.2728976,
        "MSE_argmax": 0.55168
    },
    "3": {
        "KL divergence": 0.8694617764533816,
        "MSE": 0.2744832000000001,
        "MSE_argmax": 0.5466208
    },
    "42": {
        "KL divergence": 0.8545399372773115,
        "MSE": 0.2843216,
        "MSE_argmax": 0.5437296
    }
}