{
    "L2": {
        "mean": 0.016064473461022737,
        "std": 0.003093667661668358
    },
    "num_multinomials": 4000.0
}