{
    "1": {
        "KL divergence": 0.09404993172042839,
        "MSE": 0.012497600000000003,
        "MSE_argmax": 0.0115408
    },
    "2": {
        "KL divergence": 0.1158314904362593,
        "MSE": 0.0120832,
        "MSE_argmax": 0.010865600000000001
    },
    "3": {
        "KL divergence": 0.10047205657702588,
        "MSE": 0.012046400000000002,
        "MSE_argmax": 0.0116688
    },
    "42": {
        "KL divergence": 0.07736753565991208,
        "MSE": 0.012281599999999998,
        "MSE_argmax": 0.0120864
    }
}