{
    "L2": {
        "mean": 0.05570207021100899,
        "std": 0.011618798345179662
    },
    "num_multinomials": 4000.0
}