{
    "1": {
        "KL divergence": 0.3255153686463281,
        "Perplexity": 0.6460375785827637
    },
    "2": {
        "KL divergence": 0.3193716020379575,
        "Perplexity": 0.6594494581222534
    },
    "3": {
        "KL divergence": 0.31932307494808143,
        "Perplexity": 0.6728865504264832
    },
    "42": {
        "KL divergence": 0.3151540488489513,
        "Perplexity": 0.6413908004760742
    }
}