{
    "1": {
        "KL divergence": 0.39679563544467544,
        "MSE": 0.2675472,
        "MSE_argmax": 0.5388528
    },
    "2": {
        "KL divergence": 0.37503815284788095,
        "MSE": 0.27392960000000005,
        "MSE_argmax": 0.5654096
    },
    "3": {
        "KL divergence": 0.3969141980834986,
        "MSE": 0.27468,
        "MSE_argmax": 0.5535232
    },
    "42": {
        "KL divergence": 0.38300755596080976,
        "MSE": 0.28568,
        "MSE_argmax": 0.5606768
    }
}