{
    "L2": {
        "mean": 0.042575029626109366,
        "std": 0.009358796065920957
    },
    "num_multinomials": 4000.0
}