{
    "1": {
        "KL divergence": 0.03452774234080358,
        "MSE": 0.11988160000000002,
        "MSE_argmax": 0.22594240000000002
    },
    "2": {
        "KL divergence": 0.034450976334364454,
        "MSE": 0.11499680000000001,
        "MSE_argmax": 0.22310880000000002
    },
    "3": {
        "KL divergence": 0.023231591943357544,
        "MSE": 0.12325600000000002,
        "MSE_argmax": 0.21788
    },
    "42": {
        "KL divergence": 0.027648258617289465,
        "MSE": 0.12117920000000001,
        "MSE_argmax": 0.22951359999999998
    }
}