{
    "L2": {
        "mean": 0.04252506871694627,
        "std": 0.009248535407887953
    },
    "num_multinomials": 4000.0
}