{
    "1": {
        "KL divergence": 0.09252861912046004,
        "MSE": 0.0118688,
        "MSE_argmax": 0.010827200000000002
    },
    "2": {
        "KL divergence": 0.09078247341020489,
        "MSE": 0.0112624,
        "MSE_argmax": 0.0105824
    },
    "3": {
        "KL divergence": 0.10598887605339873,
        "MSE": 0.012088000000000002,
        "MSE_argmax": 0.011592
    },
    "42": {
        "KL divergence": 0.06046635112132463,
        "MSE": 0.0123424,
        "MSE_argmax": 0.0118464
    }
}