{
    "L2": {
        "mean": 0.05527729832610494,
        "std": 0.009877166992496895
    },
    "num_multinomials": 4000.0
}