{
    "1": {
        "KL divergence": 0.13370296237242277,
        "Perplexity": 0.7765288352966309
    },
    "2": {
        "KL divergence": 0.13506856256206556,
        "Perplexity": 0.7945214509963989
    },
    "3": {
        "KL divergence": 0.13421700709999862,
        "Perplexity": 0.7837201356887817
    },
    "42": {
        "KL divergence": 0.13486004289842543,
        "Perplexity": 0.7967450618743896
    }
}