{
    "1": {
        "KL divergence": 0.1765496523806668,
        "MSE": 0.1279088,
        "MSE_argmax": 0.23052640000000002
    },
    "2": {
        "KL divergence": 0.139626524661079,
        "MSE": 0.1179264,
        "MSE_argmax": 0.21043040000000002
    },
    "3": {
        "KL divergence": 0.1553592227969346,
        "MSE": 0.1249488,
        "MSE_argmax": 0.20464480000000004
    },
    "42": {
        "KL divergence": 0.2083354433904458,
        "MSE": 0.12460960000000001,
        "MSE_argmax": 0.22115200000000002
    }
}