{
    "1": {
        "KL divergence": 0.1765496523806668,
        "MSE": 0.2305264
    },
    "2": {
        "KL divergence": 0.139626524661079,
        "MSE": 0.2104304
    },
    "3": {
        "KL divergence": 0.1553592227969346,
        "MSE": 0.2046448
    },
    "42": {
        "KL divergence": 0.2083354433904458,
        "MSE": 0.221152
    }
}