{
    "L2": {
        "mean": 0.034154158704648094,
        "std": 0.006706598700665406
    },
    "num_multinomials": 4000.0
}