{
    "1": {
        "KL divergence": 0.169994294094519,
        "MSE": 0.1223376,
        "MSE_argmax": 0.21655200000000002
    },
    "2": {
        "KL divergence": 0.1338329968321729,
        "MSE": 0.11966080000000001,
        "MSE_argmax": 0.2302912
    },
    "3": {
        "KL divergence": 0.1138077629073276,
        "MSE": 0.12664480000000003,
        "MSE_argmax": 0.20985440000000002
    },
    "42": {
        "KL divergence": 0.1999321261454902,
        "MSE": 0.12396000000000001,
        "MSE_argmax": 0.2173888
    }
}