{
    "1": {
        "KL divergence": 0.169994294094519,
        "MSE": 0.216552
    },
    "2": {
        "KL divergence": 0.1338329968321729,
        "MSE": 0.2302912
    },
    "3": {
        "KL divergence": 0.1138077629073276,
        "MSE": 0.2098544
    },
    "42": {
        "KL divergence": 0.1999321261454902,
        "MSE": 0.2173888
    }
}