{
    "L2": {
        "mean": 0.03369100369974406,
        "std": 0.00684178355809309
    },
    "num_multinomials": 4000.0
}