{
    "1": {
        "KL divergence": 0.054878008369866595,
        "MSE": 0.12165440000000001,
        "MSE_argmax": 0.24972640000000002
    },
    "2": {
        "KL divergence": 0.029848773607871658,
        "MSE": 0.11522560000000001,
        "MSE_argmax": 0.22653600000000002
    },
    "3": {
        "KL divergence": 0.05283958930329912,
        "MSE": 0.1236528,
        "MSE_argmax": 0.18927360000000001
    },
    "42": {
        "KL divergence": 0.057405546739676516,
        "MSE": 0.12113120000000001,
        "MSE_argmax": 0.23002720000000001
    }
}