{
    "L2": {
        "mean": 0.046408096050418325,
        "std": 0.006937423516953285
    },
    "num_multinomials": 4000.0
}