{
    "1": {
        "KL divergence": 0.08443864297732655,
        "MSE": 0.013372800000000002,
        "MSE_argmax": 0.011519999999999999
    },
    "2": {
        "KL divergence": 0.062441383547236814,
        "MSE": 0.0110704,
        "MSE_argmax": 0.0099744
    },
    "3": {
        "KL divergence": 0.08314531655538064,
        "MSE": 0.012424000000000001,
        "MSE_argmax": 0.0111584
    },
    "42": {
        "KL divergence": 0.09084177963598149,
        "MSE": 0.013016,
        "MSE_argmax": 0.0120576
    }
}