{
    "L2": {
        "mean": 0.05412735261053922,
        "std": 0.008259614582361593
    },
    "num_multinomials": 4000.0
}