{
    "1": {
        "KL divergence": 0.14739752109766677,
        "MSE": 0.26845600000000003,
        "MSE_argmax": 0.508184
    },
    "2": {
        "KL divergence": 0.1520579637120444,
        "MSE": 0.2718784000000001,
        "MSE_argmax": 0.5466032000000001
    },
    "3": {
        "KL divergence": 0.20478463166964242,
        "MSE": 0.27486400000000005,
        "MSE_argmax": 0.5436064
    },
    "42": {
        "KL divergence": 0.21497727514122053,
        "MSE": 0.2850672000000001,
        "MSE_argmax": 0.5144384
    }
}