{
    "L2": {
        "mean": 0.09765325527760019,
        "std": 0.029679715425216066
    },
    "num_multinomials": 4000.0
}