{
    "1": {
        "KL divergence": 0.5627286299352009,
        "Perplexity": 0.7105611562728882
    },
    "2": {
        "KL divergence": 0.5569600617841197,
        "Perplexity": 0.7097418308258057
    },
    "3": {
        "KL divergence": 0.5589216234108048,
        "Perplexity": 0.7123498916625977
    },
    "42": {
        "KL divergence": 0.558424072011399,
        "Perplexity": 0.7166565656661987
    }
}