{
    "1": {
        "KL divergence": 0.1983378907891004,
        "MSE": 0.125344,
        "MSE_argmax": 0.22399840000000001
    },
    "2": {
        "KL divergence": 0.18799804044699872,
        "MSE": 0.1202208,
        "MSE_argmax": 0.1979536
    },
    "3": {
        "KL divergence": 0.17228972703812068,
        "MSE": 0.12442879999999999,
        "MSE_argmax": 0.20787360000000002
    },
    "42": {
        "KL divergence": 0.13059435660659807,
        "MSE": 0.12146880000000002,
        "MSE_argmax": 0.22447680000000003
    }
}