{
    "L2": {
        "mean": 0.03508856728760102,
        "std": 0.007338866908518443
    },
    "num_multinomials": 4000.0
}