{
    "1": {
        "KL divergence": 0.1405863457993861,
        "MSE": 0.0148832,
        "MSE_argmax": 0.012068800000000001
    },
    "2": {
        "KL divergence": 0.0753482225547655,
        "MSE": 0.0124128,
        "MSE_argmax": 0.0099408
    },
    "3": {
        "KL divergence": 0.0680390378358072,
        "MSE": 0.014264000000000002,
        "MSE_argmax": 0.010150399999999999
    },
    "42": {
        "KL divergence": 0.0969963131517408,
        "MSE": 0.0143744,
        "MSE_argmax": 0.011620799999999999
    }
}