{
    "1": {
        "KL divergence": 0.1405863457993861,
        "MSE": 0.0120688
    },
    "2": {
        "KL divergence": 0.0753482225547655,
        "MSE": 0.0099408
    },
    "3": {
        "KL divergence": 0.0680390378358072,
        "MSE": 0.0101504
    },
    "42": {
        "KL divergence": 0.0969963131517408,
        "MSE": 0.0116208
    }
}