{
    "L2": {
        "mean": 0.04898119195314008,
        "std": 0.0054604868329017064
    },
    "num_multinomials": 4000.0
}