{
    "1": {
        "KL divergence": 0.8394958227532234,
        "Perplexity": 1.0903304815292358
    },
    "2": {
        "KL divergence": 0.8207304273151199,
        "Perplexity": 1.0953028202056885
    },
    "3": {
        "KL divergence": 0.8217892170868747,
        "Perplexity": 1.1002413034439087
    },
    "42": {
        "KL divergence": 0.8238351982627038,
        "Perplexity": 1.0792089700698853
    }
}