{
    "1": {
        "KL divergence": 0.1676584516257537,
        "MSE": 0.1222672,
        "MSE_argmax": 0.2082016
    },
    "2": {
        "KL divergence": 0.2358495285575395,
        "MSE": 0.1196944,
        "MSE_argmax": 0.20843360000000002
    },
    "3": {
        "KL divergence": 0.2639193717338978,
        "MSE": 0.1260736,
        "MSE_argmax": 0.19311520000000001
    },
    "42": {
        "KL divergence": 0.1536330386189973,
        "MSE": 0.12494720000000001,
        "MSE_argmax": 0.2327024
    }
}