{
    "1": {
        "KL divergence": 0.1676584516257537,
        "MSE": 0.2082016
    },
    "2": {
        "KL divergence": 0.2358495285575395,
        "MSE": 0.2084336
    },
    "3": {
        "KL divergence": 0.2639193717338978,
        "MSE": 0.1931152
    },
    "42": {
        "KL divergence": 0.1536330386189973,
        "MSE": 0.2327024
    }
}