{
    "L2": {
        "mean": 0.0382065258865488,
        "std": 0.008320310754071789
    },
    "num_multinomials": 4000.0
}