{
    "1": {
        "KL divergence": 0.07373968249842819,
        "Perplexity": 0.718212902545929
    },
    "2": {
        "KL divergence": 0.05630020711411137,
        "Perplexity": 0.7408854365348816
    },
    "3": {
        "KL divergence": 0.05531970282713617,
        "Perplexity": 0.7124062776565552
    },
    "42": {
        "KL divergence": 0.05183871053572466,
        "Perplexity": 0.7366802096366882
    }
}