{
    "1": {
        "KL divergence": 0.1102689695224515,
        "MSE": 0.0353264
    },
    "2": {
        "KL divergence": 0.093729155859003,
        "MSE": 0.0334944
    },
    "3": {
        "KL divergence": 0.1368212301966416,
        "MSE": 0.0341968
    },
    "42": {
        "KL divergence": 0.1132924250771022,
        "MSE": 0.0388512
    }
}