{
    "L2": {
        "mean": 0.03558796829111076,
        "std": 0.011193967153758894
    },
    "num_multinomials": 4000.0
}