{
    "1": {
        "KL divergence": 0.17902765289970018,
        "MSE": 0.26420800000000005,
        "MSE_argmax": 0.5055455999999999
    },
    "2": {
        "KL divergence": 0.1744808007521167,
        "MSE": 0.272648,
        "MSE_argmax": 0.5593024000000001
    },
    "3": {
        "KL divergence": 0.2087258220187859,
        "MSE": 0.2771472,
        "MSE_argmax": 0.5393648000000001
    },
    "42": {
        "KL divergence": 0.21097195088011858,
        "MSE": 0.28509120000000004,
        "MSE_argmax": 0.5227472
    }
}