{
    "L2": {
        "mean": 0.07649872863820088,
        "std": 0.02106586280939655
    },
    "num_multinomials": 4000.0
}