{
    "1": {
        "KL divergence": 0.199331488620729,
        "MSE": 0.021767999999999992,
        "MSE_argmax": 0.0133264
    },
    "2": {
        "KL divergence": 0.20262063433549468,
        "MSE": 0.0180592,
        "MSE_argmax": 0.010364799999999999
    },
    "3": {
        "KL divergence": 0.19271005930434068,
        "MSE": 0.020193599999999996,
        "MSE_argmax": 0.010324799999999999
    },
    "42": {
        "KL divergence": 0.19420947472297434,
        "MSE": 0.019128,
        "MSE_argmax": 0.011379199999999999
    }
}