{
    "L2": {
        "mean": 0.03530390908756433,
        "std": 0.0009331431753883604
    },
    "num_multinomials": 4000.0
}