{
    "1": {
        "KL divergence": 0.10293908246250859,
        "MSE": 0.011310400000000002,
        "MSE_argmax": 0.011295999999999999
    },
    "2": {
        "KL divergence": 0.09914602608445898,
        "MSE": 0.0112528,
        "MSE_argmax": 0.011299199999999999
    },
    "3": {
        "KL divergence": 0.17089855148844948,
        "MSE": 0.013611199999999997,
        "MSE_argmax": 0.014828799999999998
    },
    "42": {
        "KL divergence": 0.09633761398630279,
        "MSE": 0.0126112,
        "MSE_argmax": 0.0133648
    }
}