{
    "L2": {
        "mean": 0.05692206510748798,
        "std": 0.014045974911530285
    },
    "num_multinomials": 4000.0
}