{
    "1": {
        "MSE": 0.12055680900812149
    },
    "2": {
        "MSE": 0.11532000452280045
    },
    "3": {
        "MSE": 0.12776480615139008
    },
    "42": {
        "MSE": 0.12524640560150146
    }
}