{
    "1": {
        "KL divergence": 0.2231851085541511,
        "MSE": 0.12289760000000001,
        "MSE_argmax": 0.21048640000000002
    },
    "2": {
        "KL divergence": 0.2307049288245956,
        "MSE": 0.12201600000000001,
        "MSE_argmax": 0.20467039999999997
    },
    "3": {
        "KL divergence": 0.2369929120859589,
        "MSE": 0.1260592,
        "MSE_argmax": 0.2128608
    },
    "42": {
        "KL divergence": 0.2223061030970291,
        "MSE": 0.12500480000000003,
        "MSE_argmax": 0.22066239999999998
    }
}