{
    "1": {
        "KL divergence": 0.2231851085541511,
        "MSE": 0.2104864
    },
    "2": {
        "KL divergence": 0.2307049288245956,
        "MSE": 0.2046703999999999
    },
    "3": {
        "KL divergence": 0.2369929120859589,
        "MSE": 0.2128608
    },
    "42": {
        "KL divergence": 0.2223061030970291,
        "MSE": 0.2206624
    }
}