{
    "L2": {
        "mean": 0.03672958602206862,
        "std": 0.00731761049084187
    },
    "num_multinomials": 4000.0
}