{
    "1": {
        "KL divergence": 0.101639574038299,
        "Perplexity": 0.7492811679840088
    },
    "2": {
        "KL divergence": 0.08610447261119676,
        "Perplexity": 0.7596228718757629
    },
    "3": {
        "KL divergence": 0.10509893841867657,
        "Perplexity": 0.7410974502563477
    },
    "42": {
        "KL divergence": 0.10468272913440017,
        "Perplexity": 0.7834614515304565
    }
}