{
    "1": {
        "KL divergence": 0.08568829315792459,
        "Perplexity": 0.7316250205039978
    },
    "2": {
        "KL divergence": 0.07974357676741338,
        "Perplexity": 0.7537178993225098
    },
    "3": {
        "KL divergence": 0.09909532680796754,
        "Perplexity": 0.7399003505706787
    },
    "42": {
        "KL divergence": 0.09051219599945737,
        "Perplexity": 0.7735697031021118
    }
}