{
    "1": {
        "KL divergence": 0.0933932189924573,
        "MSE": 0.033055999999999995,
        "MSE_argmax": 0.035831999999999996
    },
    "2": {
        "KL divergence": 0.084758233833724,
        "MSE": 0.032032000000000005,
        "MSE_argmax": 0.035496
    },
    "3": {
        "KL divergence": 0.0784397352203896,
        "MSE": 0.033252800000000006,
        "MSE_argmax": 0.036092799999999994
    },
    "42": {
        "KL divergence": 0.1014070250589674,
        "MSE": 0.035446399999999996,
        "MSE_argmax": 0.036520000000000004
    }
}