{
    "1": {
        "KL divergence": 0.0933932189924573,
        "MSE": 0.0358319999999999
    },
    "2": {
        "KL divergence": 0.084758233833724,
        "MSE": 0.035496
    },
    "3": {
        "KL divergence": 0.0784397352203896,
        "MSE": 0.0360927999999999
    },
    "42": {
        "KL divergence": 0.1014070250589674,
        "MSE": 0.03652
    }
}