{
    "L2": {
        "mean": 0.031179007809698178,
        "std": 0.006614857164515905
    },
    "num_multinomials": 4000.0
}