{
    "1": {
        "KL divergence": 0.3864833694444461,
        "MSE": 0.26613600000000004,
        "MSE_argmax": 0.524728
    },
    "2": {
        "KL divergence": 0.3668292528336194,
        "MSE": 0.27129120000000007,
        "MSE_argmax": 0.5507024
    },
    "3": {
        "KL divergence": 0.3781347816784165,
        "MSE": 0.2746800000000001,
        "MSE_argmax": 0.5302688000000001
    },
    "42": {
        "KL divergence": 0.37805035366638684,
        "MSE": 0.2858048,
        "MSE_argmax": 0.5411264
    }
}