{
    "L2": {
        "mean": 0.041896279213987614,
        "std": 0.010199626288779245
    },
    "num_multinomials": 4000.0
}