{
    "1": {
        "KL divergence": 0.04098802792615993,
        "Perplexity": 0.4100138545036316
    },
    "2": {
        "KL divergence": 0.03878291945534401,
        "Perplexity": 0.4105589687824249
    },
    "3": {
        "KL divergence": 0.042226179210304,
        "Perplexity": 0.42720749974250793
    },
    "42": {
        "KL divergence": 0.03979521035739959,
        "Perplexity": 0.44801151752471924
    }
}