{
    "1": {
        "KL divergence": 0.10421008849207278,
        "Perplexity": 0.5113295316696167
    },
    "2": {
        "KL divergence": 0.09724679219274414,
        "Perplexity": 0.5306753516197205
    },
    "3": {
        "KL divergence": 0.11319184437759673,
        "Perplexity": 0.5457298159599304
    },
    "42": {
        "KL divergence": 0.1066780514869974,
        "Perplexity": 0.5222962498664856
    }
}